INST_ID,INST_NAME,INST_CITY,INST_STATE_ABRV,ADMIT_RATE,YIELD_RATE,FINAID_PELL_GRANT_PCT,FINAID_INST_AID_PCT,ON_CAMPUS_PCT,ENROLL_GRAD_ALL,ENROLL_UGRAD_DS,ENROLL_UGRAD_NDS,GRAD_RATE_4YR,GRAD_RATE_6YR,FTIC_RESD_PCT,INSTRUCT_EXP_PER_UG,RESEARCH_EXP_PER_UG,ENDOWMENT_PER_UG,TUITION_REV_PCT,DISCOUNT_RATE,TUITION_IN_STATE,TUITION_OUT_STATE,STU_FAC_RATIO,RETAIN_RATE
100663,University of Alabama at Birmingham,Birmingham,AL,87.0,26.0,41.0,88.0,86.0,8607.0,12776.0,256.0,42.0,62.0,82.0,27386.0,27869.0,52702.0,5.0,29.0,8832.0,21216.0,18.0,82.0
100706,University of Alabama in Huntsville,Huntsville,AL,78.0,27.0,24.0,92.0,60.0,2068.0,6985.0,184.0,35.0,61.0,72.0,10391.0,18371.0,12564.0,19.0,35.0,11878.0,24770.0,17.0,80.0
100751,The University of Alabama,Tuscaloosa,AL,80.0,19.0,20.0,66.0,89.0,6186.0,31360.0,1098.0,53.0,72.0,35.0,10550.0,6149.0,36500.0,27.0,38.0,11940.0,32300.0,19.0,87.0
100812,Athens State University,Athens,AL,100.0,81.0,41.0,74.0,71.0,374.0,2465.0,55.0,27.0,39.0,91.0,8732.0,0.0,2021.0,25.0,23.0,3495.0,8508.0,14.0,75.0
100830,Auburn University at Montgomery,Montgomery,AL,92.0,19.0,51.0,97.0,31.0,1355.0,3307.0,447.0,13.0,36.0,100.0,9667.0,290.0,17257.0,36.0,31.0,9100.0,19348.0,15.0,70.0
100858,Auburn University,Auburn,AL,44.0,26.0,12.0,73.0,50.0,6385.0,24722.0,657.0,55.0,81.0,58.0,12146.0,12458.0,36856.0,33.0,25.0,12176.0,32960.0,20.0,92.0
101480,Jacksonville State University,Jacksonville,AL,78.0,20.0,57.0,99.0,73.0,1322.0,7066.0,1244.0,26.0,50.0,72.0,7959.0,92.0,2018.0,27.0,43.0,11952.0,21912.0,19.0,66.0
101587,University of West Alabama,Livingston,AL,69.0,14.0,65.0,64.0,82.0,3433.0,2424.0,3.0,26.0,37.0,81.0,16595.0,209.0,177.0,38.0,26.0,10990.0,20090.0,18.0,69.0
101709,University of Montevallo,Montevallo,AL,60.0,14.0,38.0,96.0,74.0,414.0,2128.0,44.0,34.0,52.0,80.0,14181.0,24.0,16582.0,21.0,51.0,13710.0,26730.0,12.0,73.0
101879,University of North Alabama,Florence,AL,96.0,30.0,36.0,91.0,77.0,2616.0,5266.0,1948.0,28.0,51.0,78.0,10869.0,63.0,8764.0,32.0,33.0,11220.0,21420.0,18.0,76.0
102094,University of South Alabama,Mobile,AL,65.0,20.0,42.0,90.0,69.0,4958.0,8171.0,309.0,28.0,47.0,73.0,17232.0,5276.0,57038.0,9.0,25.0,9116.0,17732.0,16.0,69.0
102368,Troy University,Troy,AL,95.0,25.0,49.0,59.0,69.0,3388.0,10316.0,452.0,30.0,51.0,74.0,8622.0,206.0,15869.0,31.0,21.0,9312.0,18624.0,16.0,75.0
102553,University of Alaska Anchorage,Anchorage,AK,65.0,41.0,32.0,58.0,17.0,539.0,6778.0,3147.0,15.0,32.0,91.0,16190.0,2821.0,13097.0,20.0,13.0,7508.0,21635.0,11.0,66.0
102614,University of Alaska Fairbanks,Fairbanks,AK,80.0,21.0,30.0,71.0,51.0,971.0,4010.0,1626.0,26.0,44.0,78.0,21728.0,54535.0,35468.0,9.0,13.0,7896.0,22032.0,11.0,70.0
102632,University of Alaska Southeast,Juneau,AK,63.0,57.0,30.0,59.0,42.0,199.0,964.0,760.0,13.0,29.0,80.0,21014.0,1709.0,9471.0,22.0,13.0,6960.0,21096.0,9.0,65.0
104151,Arizona State University Campus Immersion,Tempe,AZ,90.0,25.0,29.0,85.0,72.0,14573.0,64778.0,714.0,52.0,66.0,57.0,20874.0,7840.0,21410.0,50.0,24.0,11618.0,30592.0,19.0,85.0
104179,University of Arizona,Tucson,AZ,87.0,20.0,21.0,96.0,67.0,10652.0,37979.0,772.0,50.0,64.0,47.0,18733.0,17440.0,31702.0,27.0,34.0,13275.0,39577.0,17.0,86.0
105330,Northern Arizona University,Flagstaff,AZ,80.0,16.0,31.0,93.0,79.0,4882.0,23090.0,114.0,45.0,59.0,73.0,9346.0,3096.0,10026.0,28.0,48.0,12274.0,27536.0,20.0,76.0
106245,University of Arkansas at Little Rock,Little Rock,AR,61.0,25.0,56.0,60.0,28.0,2372.0,4802.0,1023.0,24.0,37.0,90.0,11480.0,2896.0,33312.0,15.0,55.0,8366.0,18957.0,11.0,75.0
106263,University of Arkansas for Medical Sciences,Little Rock,AR,80.0,26.0,70.0,13.0,15.0,1941.0,1287.0,12.0,13.0,25.0,97.0,100947.0,118926.0,270718.0,2.0,7.0,9748.0,26312.0,20.0,49.0
106397,University of Arkansas,Fayetteville,AR,79.0,34.0,17.0,39.0,84.0,4667.0,26002.0,267.0,52.0,70.0,39.0,11808.0,7728.0,56370.0,24.0,25.0,9656.0,27410.0,20.0,86.0
106458,Arkansas State University,Jonesboro,AR,70.0,32.0,41.0,87.0,71.0,4989.0,7463.0,738.0,38.0,52.0,81.0,9605.0,1362.0,11900.0,22.0,42.0,7456.0,13312.0,15.0,78.0
106467,Arkansas Tech University,Russellville,AR,94.0,27.0,53.0,75.0,64.0,723.0,6108.0,2614.0,29.0,43.0,94.0,7465.0,777.0,10219.0,21.0,48.0,8071.0,13891.0,18.0,63.0
106485,University of Arkansas at Monticello,Monticello,AR,88.0,32.0,63.0,46.0,48.0,449.0,1819.0,451.0,16.0,22.0,84.0,12278.0,180.0,2508.0,17.0,53.0,8431.0,14281.0,12.0,68.0
106704,University of Central Arkansas,Conway,AR,91.0,30.0,44.0,70.0,81.0,1919.0,7563.0,431.0,34.0,49.0,90.0,10497.0,509.0,6934.0,27.0,31.0,9778.0,16728.0,14.0,74.0
107071,Henderson State University,Arkadelphia,AR,71.0,25.0,55.0,99.0,86.0,712.0,1800.0,7.0,24.0,37.0,81.0,9132.0,7.0,13871.0,14.0,62.0,7560.0,9768.0,16.0,57.0
107983,Southern Arkansas University Main Campus,Magnolia,AR,64.0,38.0,54.0,85.0,82.0,1946.0,2787.0,361.0,27.0,38.0,70.0,9335.0,202.0,22466.0,37.0,31.0,9680.0,15110.0,15.0,71.0
108092,University of Arkansas-Fort Smith,Fort Smith,AR,82.0,29.0,56.0,82.0,39.0,44.0,4143.0,1192.0,17.0,24.0,87.0,9116.0,88.0,25206.0,15.0,65.0,6168.0,13440.0,19.0,71.0
110422,California Polytechnic State University-San Luis Obispo,San Luis Obispo,CA,30.0,29.0,20.0,41.0,97.0,974.0,20976.0,50.0,57.0,85.0,83.0,11157.0,282.0,11586.0,32.0,21.0,10319.0,28229.0,20.0,94.0
110486,California State University-Bakersfield,Bakersfield,CA,87.0,9.0,65.0,67.0,19.0,1425.0,8108.0,80.0,17.0,48.0,96.0,9199.0,49.0,4329.0,11.0,57.0,7637.0,19517.0,19.0,73.0
110495,California State University-Stanislaus,Turlock,CA,97.0,18.0,61.0,65.0,18.0,1228.0,8836.0,90.0,19.0,58.0,99.0,10200.0,158.0,1983.0,15.0,55.0,7734.0,19614.0,18.0,81.0
110510,California State University-San Bernardino,San Bernardino,CA,91.0,16.0,64.0,57.0,16.0,2769.0,16712.0,322.0,19.0,57.0,98.0,9078.0,43.0,2803.0,12.0,61.0,7486.0,19366.0,23.0,80.0
110529,California State Polytechnic University-Pomona,Pomona,CA,55.0,13.0,45.0,45.0,53.0,2322.0,25080.0,101.0,28.0,70.0,99.0,7513.0,62.0,5975.0,18.0,48.0,7439.0,19319.0,25.0,87.0
110538,California State University-Chico,Chico,CA,95.0,10.0,38.0,41.0,71.0,1202.0,12853.0,128.0,33.0,65.0,97.0,9094.0,90.0,6361.0,17.0,43.0,7972.0,19852.0,20.0,80.0
110547,California State University-Dominguez Hills,Carson,CA,89.0,12.0,77.0,79.0,3.0,2457.0,13903.0,66.0,16.0,53.0,99.0,7784.0,9.0,1617.0,15.0,57.0,7060.0,18940.0,22.0,70.0
110556,California State University-Fresno,Fresno,CA,95.0,20.0,64.0,66.0,28.0,2645.0,20985.0,369.0,18.0,57.0,97.0,8219.0,225.0,9524.0,14.0,58.0,6663.0,18543.0,21.0,76.0
110565,California State University-Fullerton,Fullerton,CA,67.0,16.0,53.0,51.0,21.0,4954.0,35249.0,183.0,29.0,71.0,99.0,7263.0,30.0,3551.0,21.0,43.0,7007.0,18887.0,24.0,86.0
110574,California State University-East Bay,Hayward,CA,96.0,7.0,49.0,56.0,44.0,2877.0,10709.0,87.0,12.0,48.0,95.0,8898.0,247.0,2105.0,21.0,41.0,6995.0,18875.0,22.0,75.0
110583,California State University-Long Beach,Long Beach,CA,40.0,18.0,50.0,50.0,49.0,6042.0,32780.0,151.0,34.0,75.0,97.0,9181.0,148.0,3300.0,19.0,49.0,6884.0,18764.0,22.0,85.0
110592,California State University-Los Angeles,Los Angeles,CA,87.0,13.0,77.0,80.0,14.0,3723.0,22690.0,47.0,11.0,52.0,99.0,7544.0,119.0,2425.0,13.0,61.0,6805.0,18685.0,22.0,73.0
110608,California State University-Northridge,Northridge,CA,91.0,21.0,63.0,64.0,47.0,5398.0,32103.0,78.0,17.0,54.0,96.0,7431.0,105.0,6176.0,16.0,55.0,7069.0,18949.0,24.0,75.0
110617,California State University-Sacramento,Sacramento,CA,93.0,17.0,56.0,54.0,33.0,2897.0,28544.0,377.0,20.0,57.0,98.0,8054.0,123.0,2323.0,23.0,43.0,7484.0,19364.0,24.0,80.0
110635,University of California-Berkeley,Berkeley,CA,11.0,46.0,24.0,46.0,94.0,12828.0,32475.0,4.0,79.0,93.0,78.0,30874.0,25283.0,83977.0,27.0,22.0,14395.0,44467.0,19.0,96.0
110644,University of California-Davis,Davis,CA,37.0,18.0,25.0,47.0,89.0,8147.0,31512.0,20.0,62.0,87.0,75.0,38669.0,23817.0,20140.0,11.0,17.0,14858.0,44930.0,21.0,92.0
110653,University of California-Irvine,Irvine,CA,21.0,22.0,35.0,56.0,80.0,7275.0,28651.0,11.0,68.0,84.0,81.0,36537.0,15846.0,25268.0,13.0,21.0,13939.0,44011.0,18.0,91.0
110662,University of California-Los Angeles,Los Angeles,CA,9.0,50.0,26.0,43.0,92.0,14007.0,32423.0,0.0,83.0,92.0,77.0,100836.0,36004.0,89560.0,9.0,20.0,13401.0,43473.0,18.0,97.0
110671,University of California-Riverside,Riverside,CA,69.0,15.0,43.0,57.0,62.0,3898.0,22842.0,69.0,61.0,76.0,94.0,18463.0,8525.0,10374.0,27.0,24.0,13874.0,43946.0,24.0,87.0
110680,University of California-San Diego,La Jolla,CA,24.0,21.0,40.0,56.0,87.0,8910.0,33092.0,4.0,73.0,89.0,81.0,34047.0,36529.0,36155.0,10.0,20.0,14906.0,44978.0,19.0,93.0
110705,University of California-Santa Barbara,Santa Barbara,CA,26.0,17.0,28.0,44.0,45.0,2961.0,23419.0,40.0,70.0,85.0,78.0,17334.0,10701.0,15047.0,36.0,13.0,14617.0,44689.0,17.0,92.0
110714,University of California-Santa Cruz,Santa Cruz,CA,47.0,12.0,32.0,57.0,96.0,1976.0,17502.0,0.0,60.0,78.0,90.0,14588.0,10228.0,8312.0,28.0,26.0,14240.0,44312.0,23.0,88.0
111188,California State University Maritime Academy,Vallejo,CA,96.0,20.0,29.0,33.0,99.0,41.0,808.0,0.0,59.0,68.0,80.0,31135.0,2062.0,15179.0,9.0,31.0,7116.0,18996.0,12.0,73.0
115755,California State Polytechnic University-Humboldt,Arcata,CA,98.0,12.0,38.0,46.0,82.0,564.0,5373.0,88.0,20.0,48.0,91.0,13122.0,97.0,5577.0,8.0,42.0,7864.0,19744.0,15.0,74.0
122409,San Diego State University,San Diego,CA,39.0,22.0,24.0,90.0,62.0,5208.0,31810.0,384.0,48.0,76.0,77.0,9681.0,658.0,12513.0,25.0,31.0,8174.0,20054.0,25.0,89.0
122597,San Francisco State University,San Francisco,CA,94.0,12.0,48.0,49.0,64.0,3321.0,21035.0,926.0,24.0,54.0,96.0,9978.0,993.0,7458.0,14.0,50.0,7524.0,19404.0,19.0,85.0
122755,San Jose State University,San Jose,CA,77.0,15.0,35.0,36.0,56.0,8888.0,26735.0,128.0,25.0,69.0,96.0,9603.0,109.0,6261.0,28.0,36.0,7899.0,19779.0,22.0,85.0
123572,Sonoma State University,Rohnert Park,CA,94.0,10.0,39.0,66.0,66.0,703.0,5892.0,42.0,41.0,60.0,97.0,11055.0,884.0,8522.0,13.0,39.0,8060.0,19940.0,18.0,76.0
126182,Adams State University,Alamosa,CO,99.0,19.0,49.0,76.0,76.0,1266.0,1307.0,281.0,20.0,33.0,65.0,19030.0,0.0,48.0,29.0,33.0,9776.0,21848.0,13.0,57.0
126562,University of Colorado Denver/Anschutz Medical Campus,Denver,CO,75.0,15.0,41.0,83.0,30.0,9689.0,10922.0,3133.0,24.0,48.0,82.0,66161.0,46049.0,38640.0,9.0,21.0,9562.0,26818.0,17.0,70.0
126580,University of Colorado Colorado Springs,Colorado Springs,CO,85.0,13.0,26.0,63.0,54.0,1891.0,9102.0,438.0,23.0,44.0,80.0,11481.0,903.0,11556.0,43.0,27.0,9129.0,22041.0,15.0,67.0
126614,University of Colorado Boulder,Boulder,CO,81.0,16.0,15.0,53.0,100.0,8551.0,30598.0,436.0,53.0,74.0,53.0,21454.0,17318.0,124315.0,40.0,15.0,13106.0,40356.0,18.0,88.0
126775,Colorado School of Mines,Golden,CO,58.0,24.0,13.0,93.0,86.0,1689.0,5662.0,52.0,67.0,83.0,50.0,22834.0,14936.0,56910.0,42.0,24.0,20040.0,42120.0,17.0,94.0
126818,Colorado State University-Fort Collins,Fort Collins,CO,91.0,19.0,19.0,69.0,86.0,7626.0,25150.0,627.0,47.0,69.0,58.0,18091.0,13135.0,21841.0,32.0,20.0,12874.0,32734.0,17.0,86.0
127185,Fort Lewis College,Durango,CO,91.0,19.0,42.0,68.0,76.0,92.0,3113.0,195.0,30.0,44.0,38.0,9970.0,576.0,4822.0,11.0,74.0,9212.0,19724.0,15.0,59.0
127556,Colorado Mesa University,Grand Junction,CO,82.0,22.0,33.0,52.0,59.0,224.0,7654.0,1027.0,28.0,45.0,83.0,9828.0,121.0,5502.0,37.0,20.0,9297.0,23019.0,18.0,76.0
127565,Metropolitan State University of Denver,Denver,CO,98.0,19.0,47.0,39.0,68.0,1147.0,14947.0,901.0,11.0,30.0,97.0,7460.0,49.0,1322.0,40.0,37.0,10260.0,28092.0,16.0,63.0
127741,University of Northern Colorado,Greeley,CO,79.0,15.0,30.0,82.0,82.0,2652.0,6024.0,704.0,36.0,52.0,82.0,12350.0,1781.0,16771.0,40.0,22.0,11332.0,24722.0,14.0,75.0
127909,Red Rocks Community College,Lakewood,CO,67.0,42.0,40.0,1.0,91.0,95.0,4146.0,2229.0,51.0,73.0,98.0,7539.0,0.0,10003.0,42.0,24.0,4471.0,16135.0,22.0,86.0
128106,Colorado State University Pueblo,Pueblo,CO,99.0,41.0,50.0,86.0,54.0,1845.0,3008.0,1764.0,21.0,39.0,85.0,7423.0,878.0,8076.0,24.0,51.0,9245.0,16324.0,15.0,62.0
128391,Western Colorado University,Gunnison,CO,92.0,15.0,20.0,86.0,92.0,453.0,1673.0,1422.0,29.0,48.0,72.0,18950.0,638.0,5393.0,37.0,33.0,10813.0,22837.0,16.0,77.0
128771,Central Connecticut State University,New Britain,CT,77.0,22.0,40.0,91.0,57.0,1803.0,7500.0,165.0,29.0,55.0,92.0,17948.0,276.0,11873.0,30.0,16.0,12106.0,24994.0,14.0,77.0
128780,Charter Oak State College,New Britain,CT,11.0,43.0,50.0,0.0,93.0,101.0,1426.0,75.0,74.0,92.0,76.0,2343.0,0.0,1659.0,25.0,40.0,8254.0,10796.0,13.0,100.0
129020,University of Connecticut,Storrs,CT,55.0,18.0,25.0,75.0,93.0,8020.0,18768.0,215.0,72.0,83.0,59.0,35401.0,11740.0,31112.0,15.0,37.0,19434.0,42102.0,16.0,91.0
129215,Eastern Connecticut State University,Willimantic,CT,74.0,18.0,31.0,92.0,87.0,156.0,3534.0,392.0,45.0,57.0,87.0,17899.0,573.0,4689.0,19.0,37.0,12910.0,16146.0,14.0,83.0
130493,Southern Connecticut State University,New Haven,CT,83.0,16.0,50.0,52.0,61.0,1969.0,6246.0,674.0,29.0,52.0,92.0,20936.0,500.0,5170.0,28.0,10.0,12438.0,25326.0,11.0,73.0
130776,Western Connecticut State University,Danbury,CT,84.0,15.0,40.0,48.0,54.0,618.0,3679.0,120.0,30.0,53.0,70.0,19080.0,204.0,6363.0,26.0,10.0,12345.0,25239.0,11.0,74.0
130943,University of Delaware,Newark,DE,74.0,19.0,18.0,80.0,73.0,4557.0,18665.0,817.0,73.0,84.0,33.0,14343.0,12263.0,20845.0,34.0,20.0,15410.0,37930.0,15.0,91.0
132903,University of Central Florida,Orlando,FL,41.0,33.0,25.0,39.0,72.0,9684.0,58354.0,308.0,46.0,75.0,91.0,8108.0,3403.0,2994.0,19.0,46.0,6368.0,22467.0,29.0,93.0
133669,Florida Atlantic University,Boca Raton,FL,81.0,22.0,33.0,79.0,51.0,5401.0,23074.0,1117.0,37.0,55.0,72.0,10315.0,3828.0,14509.0,23.0,35.0,4879.0,17324.0,22.0,81.0
133951,Florida International University,Miami,FL,64.0,40.0,48.0,68.0,26.0,9921.0,39277.0,6411.0,42.0,67.0,94.0,9834.0,5524.0,7238.0,21.0,41.0,6565.0,18963.0,24.0,91.0
134097,Florida State University,Tallahassee,FL,25.0,31.0,21.0,36.0,86.0,11225.0,32691.0,245.0,70.0,83.0,85.0,16191.0,8237.0,27473.0,17.0,31.0,5656.0,18786.0,17.0,94.0
134130,University of Florida,Gainesville,FL,23.0,44.0,23.0,37.0,78.0,20659.0,33673.0,879.0,72.0,91.0,80.0,40022.0,30097.0,67489.0,9.0,39.0,6381.0,28659.0,16.0,97.0
136172,University of North Florida,Jacksonville,FL,71.0,23.0,36.0,60.0,59.0,2235.0,13866.0,305.0,45.0,62.0,90.0,8660.0,1317.0,9125.0,19.0,46.0,6389.0,20793.0,19.0,80.0
137351,University of South Florida,Tampa,FL,44.0,24.0,25.0,62.0,58.0,11553.0,36763.0,1284.0,59.0,75.0,74.0,14109.0,11567.0,16444.0,15.0,38.0,6410.0,17324.0,22.0,90.0
138354,The University of West Florida,Pensacola,FL,48.0,27.0,33.0,66.0,52.0,4230.0,8806.0,485.0,35.0,52.0,66.0,8094.0,1787.0,9865.0,25.0,30.0,6360.0,19241.0,22.0,85.0
139311,Clayton  State University,Morrow,GA,56.0,46.0,72.0,10.0,56.0,564.0,4540.0,743.0,14.0,36.0,93.0,7853.0,184.0,3867.0,18.0,33.0,5068.0,15790.0,16.0,60.0
139366,Columbus State University,Columbus,GA,88.0,30.0,62.0,22.0,62.0,1476.0,5637.0,366.0,19.0,43.0,92.0,8923.0,60.0,15424.0,23.0,23.0,5751.0,16805.0,17.0,65.0
139755,Georgia Institute of Technology-Main Campus,Atlanta,GA,17.0,42.0,12.0,24.0,89.0,26881.0,17379.0,1036.0,51.0,92.0,56.0,25372.0,78452.0,168464.0,18.0,12.0,11764.0,32876.0,19.0,98.0
139764,Georgia Southwestern State University,Americus,GA,73.0,34.0,62.0,39.0,58.0,597.0,2092.0,381.0,20.0,34.0,95.0,9235.0,21.0,17173.0,18.0,27.0,4980.0,15702.0,17.0,60.0
139861,Georgia College & State University,Milledgeville,GA,80.0,39.0,16.0,13.0,88.0,1050.0,5185.0,80.0,49.0,62.0,99.0,9708.0,188.0,11111.0,29.0,9.0,8974.0,28154.0,15.0,80.0
139931,Georgia Southern University,Statesboro,GA,89.0,33.0,36.0,27.0,79.0,3502.0,20996.0,983.0,31.0,54.0,93.0,6138.0,1953.0,4687.0,24.0,29.0,6485.0,17539.0,22.0,72.0
139940,Georgia State University,Atlanta,GA,67.0,31.0,52.0,10.0,64.0,7592.0,28439.0,485.0,34.0,56.0,82.0,7324.0,8172.0,7719.0,24.0,27.0,8478.0,23709.0,26.0,78.0
139959,University of Georgia,Athens,GA,43.0,37.0,14.0,26.0,90.0,9893.0,30566.0,148.0,68.0,87.0,75.0,14372.0,17582.0,55128.0,24.0,28.0,11180.0,30220.0,17.0,94.0
141264,Valdosta State University,Valdosta,GA,89.0,25.0,58.0,24.0,66.0,2636.0,7277.0,296.0,21.0,41.0,69.0,7874.0,29.0,8845.0,24.0,21.0,6007.0,17062.0,17.0,59.0
141334,University of West Georgia,Carrollton,GA,80.0,37.0,44.0,15.0,60.0,3227.0,7939.0,727.0,22.0,42.0,95.0,11948.0,333.0,4580.0,32.0,20.0,5941.0,16996.0,16.0,73.0
141565,University of Hawaii at Hilo,Hilo,HI,84.0,18.0,42.0,57.0,45.0,384.0,2381.0,212.0,27.0,43.0,62.0,20989.0,4640.0,123.0,14.0,38.0,7838.0,20798.0,12.0,68.0
141574,University of Hawaii at Manoa,Honolulu,HI,73.0,22.0,24.0,63.0,36.0,4876.0,13915.0,283.0,37.0,59.0,53.0,27040.0,19048.0,3348.0,17.0,32.0,12186.0,34218.0,14.0,79.0
142115,Boise State University,Boise,ID,84.0,22.0,23.0,68.0,50.0,3193.0,16979.0,5943.0,31.0,53.0,59.0,9698.0,2870.0,7969.0,35.0,14.0,8364.0,25701.0,20.0,79.0
142276,Idaho State University,Pocatello,ID,80.0,27.0,41.0,81.0,41.0,2284.0,6830.0,3187.0,20.0,36.0,87.0,20374.0,2694.0,12987.0,26.0,29.0,7958.0,25936.0,13.0,71.0
142285,University of Idaho,Moscow,ID,74.0,20.0,25.0,93.0,84.0,2698.0,7120.0,1689.0,38.0,59.0,57.0,16825.0,12254.0,52368.0,20.0,19.0,8396.0,27632.0,16.0,74.0
142328,Lewis-Clark State College,Lewiston,ID,87.0,15.0,35.0,73.0,45.0,2.0,2344.0,1400.0,21.0,32.0,85.0,9855.0,259.0,4912.0,16.0,44.0,6999.0,20252.0,15.0,63.0
144005,Chicago State University,Chicago,IL,49.0,5.0,69.0,84.0,73.0,867.0,1364.0,86.0,5.0,21.0,77.0,37594.0,1116.0,5605.0,15.0,37.0,12018.0,12018.0,11.0,55.0
144892,Eastern Illinois University,Charleston,IL,68.0,11.0,53.0,90.0,88.0,1941.0,4586.0,2330.0,35.0,51.0,91.0,14213.0,227.0,14526.0,23.0,44.0,13101.0,15528.0,15.0,71.0
145336,Governors State University,University Park,IL,57.0,29.0,61.0,45.0,51.0,1818.0,2589.0,20.0,10.0,16.0,95.0,15797.0,791.0,1299.0,31.0,32.0,10468.0,17980.0,10.0,56.0
145600,University of Illinois Chicago,Chicago,IL,79.0,23.0,56.0,69.0,24.0,11940.0,21567.0,240.0,36.0,62.0,88.0,39305.0,16209.0,25076.0,12.0,34.0,14046.0,28654.0,18.0,78.0
145637,University of Illinois Urbana-Champaign,Champaign,IL,45.0,28.0,22.0,45.0,100.0,21796.0,34031.0,1089.0,71.0,85.0,71.0,23040.0,20301.0,65630.0,30.0,25.0,15714.0,33686.0,21.0,93.0
145813,Illinois State University,Normal,IL,86.0,24.0,34.0,94.0,97.0,2628.0,18019.0,36.0,48.0,67.0,96.0,9349.0,1851.0,10716.0,37.0,25.0,15170.0,27011.0,19.0,80.0
147703,Northern Illinois University,Dekalb,IL,71.0,13.0,57.0,96.0,85.0,4220.0,11408.0,21.0,31.0,51.0,93.0,15573.0,2052.0,8227.0,18.0,46.0,12662.0,12662.0,14.0,65.0
147776,Northeastern Illinois University,Chicago,IL,63.0,18.0,77.0,82.0,39.0,1549.0,4058.0,149.0,5.0,21.0,97.0,16993.0,351.0,3281.0,24.0,42.0,12101.0,22192.0,11.0,63.0
148654,University of Illinois Springfield,Springfield,IL,82.0,8.0,36.0,89.0,68.0,1805.0,2348.0,45.0,38.0,52.0,84.0,12934.0,645.0,12082.0,23.0,44.0,12077.0,21842.0,12.0,76.0
149222,Southern Illinois University-Carbondale,Carbondale,IL,91.0,17.0,49.0,78.0,86.0,3107.0,7922.0,78.0,32.0,45.0,81.0,20450.0,5301.0,22057.0,13.0,33.0,15416.0,15416.0,11.0,70.0
149231,Southern Illinois University-Edwardsville,Edwardsville,IL,98.0,21.0,38.0,84.0,64.0,3198.0,9283.0,38.0,30.0,49.0,79.0,15235.0,1027.0,3631.0,33.0,16.0,12558.0,12558.0,15.0,71.0
149772,Western Illinois University,Macomb,IL,75.0,16.0,26.0,53.0,86.0,2334.0,5196.0,113.0,32.0,51.0,89.0,13563.0,1193.0,15257.0,18.0,43.0,14406.0,14406.0,13.0,67.0
150136,Ball State University,Muncie,IN,69.0,22.0,39.0,57.0,88.0,5361.0,13466.0,950.0,54.0,68.0,90.0,14041.0,1125.0,17895.0,29.0,33.0,10440.0,27924.0,15.0,73.0
151102,Purdue University Fort Wayne,Fort Wayne,IN,81.0,26.0,40.0,63.0,41.0,679.0,5482.0,2908.0,22.0,37.0,85.0,10262.0,209.0,14252.0,35.0,19.0,8985.0,21573.0,13.0,63.0
151111,Indiana University-Purdue University-Indianapolis,Indianapolis,IN,83.0,27.0,45.0,75.0,41.0,8252.0,17278.0,449.0,38.0,57.0,91.0,33172.0,15223.0,126209.0,19.0,21.0,10144.0,32582.0,13.0,71.0
151306,University of Southern Indiana,Evansville,IN,94.0,31.0,35.0,94.0,62.0,1823.0,5491.0,1864.0,34.0,50.0,84.0,11318.0,80.0,23261.0,27.0,39.0,10210.0,22255.0,16.0,70.0
151324,Indiana State University,Terre Haute,IN,92.0,9.0,50.0,72.0,83.0,1693.0,6926.0,39.0,28.0,41.0,81.0,11570.0,1839.0,10620.0,21.0,39.0,9732.0,21160.0,16.0,64.0
151333,Indiana University-Kokomo,Kokomo,IN,86.0,31.0,43.0,42.0,63.0,177.0,2419.0,250.0,26.0,43.0,97.0,8255.0,371.0,4875.0,37.0,19.0,7941.0,21301.0,14.0,64.0
151342,Indiana University-South Bend,South Bend,IN,87.0,38.0,52.0,43.0,22.0,573.0,3666.0,87.0,18.0,38.0,95.0,9316.0,616.0,9491.0,34.0,21.0,7941.0,21301.0,12.0,66.0
151351,Indiana University-Bloomington,Bloomington,IN,82.0,24.0,17.0,70.0,96.0,11345.0,35401.0,259.0,69.0,81.0,51.0,21514.0,4126.0,47148.0,46.0,21.0,11447.0,39120.0,17.0,90.0
151360,Indiana University-Northwest,Gary,IN,80.0,27.0,49.0,32.0,23.0,338.0,2711.0,149.0,22.0,38.0,97.0,9603.0,682.0,6478.0,30.0,25.0,7941.0,21301.0,12.0,68.0
151379,Indiana University-Southeast,New Albany,IN,85.0,37.0,40.0,68.0,30.0,445.0,3133.0,94.0,22.0,39.0,82.0,9735.0,393.0,8686.0,35.0,19.0,7941.0,21301.0,12.0,61.0
151388,Indiana University-East,Richmond,IN,78.0,28.0,46.0,55.0,78.0,253.0,2472.0,314.0,33.0,43.0,74.0,7976.0,274.0,3786.0,42.0,21.0,7941.0,21301.0,13.0,64.0
153603,Iowa State University,Ames,IA,90.0,29.0,18.0,75.0,87.0,4728.0,24994.0,247.0,51.0,76.0,52.0,13248.0,8988.0,56312.0,25.0,30.0,10133.0,26617.0,18.0,86.0
153658,University of Iowa,Iowa City,IA,86.0,23.0,16.0,70.0,89.0,8042.0,21545.0,428.0,56.0,74.0,54.0,20273.0,25079.0,141739.0,9.0,20.0,10353.0,32316.0,16.0,89.0
154095,University of Northern Iowa,Cedar Falls,IA,95.0,33.0,14.0,73.0,88.0,1210.0,7571.0,164.0,44.0,69.0,91.0,11787.0,542.0,22145.0,19.0,38.0,9411.0,20565.0,17.0,83.0
155025,Emporia State University,Emporia,KS,96.0,30.0,37.0,83.0,74.0,2584.0,2663.0,77.0,32.0,50.0,89.0,14409.0,182.0,36571.0,29.0,12.0,7001.0,14918.0,17.0,72.0
155061,Fort Hays State University,Hays,KS,88.0,51.0,33.0,78.0,79.0,2522.0,10066.0,361.0,29.0,50.0,80.0,5750.0,65.0,13629.0,37.0,17.0,5430.0,15870.0,15.0,76.0
155317,University of Kansas,Lawrence,KS,88.0,31.0,21.0,85.0,74.0,7467.0,18539.0,702.0,50.0,66.0,58.0,29194.0,23707.0,124248.0,19.0,10.0,11167.0,28035.0,17.0,85.0
155399,Kansas State University,Manhattan,KS,95.0,32.0,18.0,88.0,79.0,4676.0,14762.0,284.0,41.0,68.0,75.0,16928.0,14510.0,61837.0,21.0,18.0,10448.0,26519.0,18.0,86.0
155681,Pittsburg State University,Pittsburg,KS,86.0,37.0,32.0,59.0,84.0,1369.0,4221.0,268.0,31.0,52.0,64.0,11226.0,824.0,24468.0,24.0,17.0,7970.0,19654.0,14.0,75.0
156082,Washburn University,Topeka,KS,88.0,28.0,41.0,70.0,53.0,735.0,3872.0,853.0,27.0,44.0,84.0,11827.0,47.0,49224.0,24.0,43.0,9154.0,20438.0,13.0,69.0
156125,Wichita State University,Wichita,KS,95.0,22.0,41.0,70.0,44.0,4167.0,10304.0,1745.0,25.0,48.0,76.0,10185.0,27066.0,31065.0,17.0,24.0,8866.0,18226.0,20.0,66.0
156620,Eastern Kentucky University,Richmond,KY,64.0,27.0,47.0,86.0,76.0,2252.0,11215.0,857.0,34.0,52.0,91.0,10073.0,100.0,7006.0,26.0,47.0,9844.0,20222.0,16.0,77.0
157085,University of Kentucky,Lexington,KY,95.0,29.0,24.0,89.0,79.0,8812.0,22115.0,620.0,51.0,68.0,61.0,16311.0,18966.0,79320.0,5.0,35.0,12859.0,32276.0,17.0,85.0
157289,University of Louisville,Louisville,KY,82.0,23.0,39.0,82.0,61.0,6096.0,13822.0,2099.0,41.0,62.0,73.0,21851.0,13603.0,63928.0,18.0,33.0,12520.0,28866.0,13.0,78.0
157386,Morehead State University,Morehead,KY,84.0,18.0,49.0,75.0,83.0,592.0,4864.0,3351.0,30.0,45.0,82.0,11267.0,671.0,11542.0,15.0,61.0,9560.0,14286.0,14.0,68.0
157401,Murray State University,Murray,KY,84.0,16.0,40.0,95.0,61.0,1800.0,6588.0,1091.0,37.0,56.0,61.0,11511.0,494.0,16180.0,27.0,54.0,9432.0,18888.0,16.0,77.0
157447,Northern Kentucky University,Highland Heights,KY,86.0,28.0,29.0,94.0,32.0,5025.0,8677.0,2099.0,31.0,50.0,66.0,13833.0,431.0,13802.0,47.0,27.0,10592.0,20848.0,17.0,77.0
157951,Western Kentucky University,Bowling Green,KY,97.0,38.0,37.0,93.0,77.0,2053.0,12149.0,2291.0,40.0,57.0,70.0,10712.0,674.0,1634.0,29.0,47.0,11112.0,27000.0,18.0,77.0
159373,Louisiana State University Health Sciences Center-New Orleans,New Orleans,LA,80.0,25.0,70.0,37.0,15.0,1860.0,880.0,0.0,16.0,30.0,96.0,286101.0,48866.0,44298.0,6.0,6.0,7930.0,26312.0,3.0,49.0
159391,Louisiana State University and Agricultural & Mechanical College,Baton Rouge,LA,76.0,25.0,33.0,75.0,77.0,6396.0,27729.0,3223.0,43.0,66.0,65.0,18408.0,10837.0,22818.0,28.0,23.0,11954.0,28631.0,20.0,84.0
159416,Louisiana State University-Shreveport,Shreveport,LA,89.0,35.0,51.0,58.0,24.0,6256.0,2137.0,328.0,23.0,38.0,90.0,23019.0,260.0,11507.0,62.0,11.0,7327.0,20481.0,24.0,65.0
159647,Louisiana Tech University,Ruston,LA,62.0,37.0,28.0,83.0,78.0,915.0,7434.0,2490.0,39.0,58.0,87.0,8389.0,3606.0,11608.0,35.0,34.0,10065.0,16806.0,23.0,81.0
159717,McNeese State University,Lake Charles,LA,71.0,42.0,39.0,40.0,33.0,534.0,4928.0,768.0,23.0,41.0,84.0,5517.0,156.0,3838.0,31.0,32.0,8440.0,9940.0,19.0,69.0
159939,University of New Orleans,New Orleans,LA,70.0,20.0,59.0,92.0,37.0,1307.0,4925.0,879.0,20.0,39.0,90.0,7632.0,3230.0,4747.0,23.0,33.0,9172.0,14008.0,18.0,61.0
159966,Nicholls State University,Thibodaux,LA,98.0,43.0,41.0,54.0,51.0,569.0,4808.0,506.0,26.0,49.0,92.0,6960.0,285.0,3496.0,29.0,50.0,8156.0,9249.0,17.0,75.0
159993,University of Louisiana at Monroe,Monroe,LA,70.0,34.0,41.0,86.0,62.0,1846.0,5032.0,1520.0,35.0,53.0,81.0,10009.0,1497.0,6978.0,28.0,30.0,9082.0,21182.0,17.0,73.0
160038,Northwestern State University of Louisiana,Natchitoches,LA,98.0,36.0,54.0,71.0,68.0,984.0,6243.0,2162.0,28.0,44.0,98.0,7763.0,37.0,2694.0,29.0,33.0,8672.0,19460.0,17.0,61.0
160612,Southeastern Louisiana University,Hammond,LA,99.0,49.0,39.0,53.0,56.0,1039.0,9567.0,2859.0,19.0,38.0,96.0,7404.0,385.0,2096.0,32.0,32.0,8373.0,20851.0,18.0,71.0
160658,University of Louisiana at Lafayette,Lafayette,LA,89.0,38.0,49.0,59.0,57.0,2269.0,11932.0,1018.0,23.0,50.0,96.0,9835.0,7467.0,12967.0,29.0,23.0,10382.0,24110.0,18.0,70.0
161217,University of Maine at Augusta,Augusta,ME,24.0,16.0,57.0,59.0,14.0,62.0,2870.0,1514.0,5.0,15.0,95.0,7879.0,129.0,2751.0,24.0,39.0,8378.0,19778.0,15.0,66.0
161226,University of Maine at Farmington,Farmington,ME,94.0,20.0,43.0,92.0,89.0,279.0,1217.0,341.0,42.0,55.0,80.0,14740.0,1027.0,12617.0,18.0,47.0,9890.0,21650.0,11.0,71.0
161235,University of Maine at Fort Kent,Fort Kent,ME,99.0,11.0,47.0,92.0,50.0,16.0,650.0,544.0,25.0,42.0,67.0,8446.0,149.0,7226.0,23.0,30.0,8805.0,13575.0,17.0,59.0
161253,University of Maine,Orono,ME,94.0,14.0,28.0,95.0,87.0,2457.0,8720.0,1054.0,39.0,57.0,60.0,13936.0,13290.0,52321.0,23.0,41.0,12136.0,33736.0,14.0,75.0
161299,Maine Maritime Academy,Castine,ME,58.0,33.0,21.0,99.0,96.0,19.0,874.0,4.0,54.0,72.0,53.0,14250.0,8.0,51302.0,33.0,15.0,14562.0,30042.0,11.0,86.0
161341,University of Maine at Presque Isle,Presque Isle,ME,97.0,20.0,53.0,76.0,49.0,23.0,1100.0,724.0,24.0,35.0,75.0,7688.0,48.0,1165.0,18.0,46.0,8750.0,13160.0,23.0,58.0
161554,University of Southern Maine,Portland,ME,85.0,16.0,38.0,91.0,53.0,1967.0,4322.0,1294.0,20.0,34.0,72.0,14150.0,1915.0,9721.0,26.0,35.0,10120.0,24736.0,14.0,67.0
161873,University of Baltimore,Baltimore,MD,89.0,23.0,58.0,77.0,68.0,1919.0,1351.0,18.0,23.0,38.0,97.0,31149.0,5377.0,46494.0,26.0,32.0,9506.0,22956.0,10.0,60.0
162584,Frostburg State University,Frostburg,MD,88.0,14.0,39.0,87.0,75.0,804.0,2874.0,390.0,25.0,48.0,84.0,13775.0,65.0,13332.0,12.0,44.0,9804.0,24684.0,12.0,72.0
163204,University of Maryland Global Campus,Adelphi,MD,63.0,47.0,42.0,16.0,52.0,9104.0,44458.0,2276.0,5.0,11.0,36.0,2203.0,0.0,1225.0,64.0,15.0,7848.0,12336.0,19.0,43.0
163259,"University of Maryland, Baltimore",Baltimore,MD,80.0,21.0,67.0,83.0,51.0,5968.0,956.0,7.0,27.0,42.0,95.0,239324.0,494504.0,488336.0,9.0,22.0,9144.0,26312.0,7.0,49.0
163268,University of Maryland-Baltimore County,Baltimore,MD,81.0,23.0,31.0,82.0,48.0,3366.0,10557.0,68.0,45.0,70.0,90.0,15883.0,10273.0,13901.0,22.0,19.0,12606.0,29370.0,18.0,86.0
163286,University of Maryland-College Park,College Park,MD,45.0,23.0,16.0,45.0,78.0,10439.0,29982.0,371.0,72.0,88.0,72.0,23533.0,21384.0,32201.0,21.0,19.0,11233.0,39469.0,18.0,95.0
163851,Salisbury University,Salisbury,MD,91.0,19.0,29.0,88.0,83.0,745.0,6145.0,233.0,50.0,72.0,80.0,11924.0,283.0,15207.0,23.0,32.0,10396.0,20872.0,13.0,76.0
163912,St. Mary's College of Maryland,St. Mary's City,MD,77.0,18.0,20.0,97.0,87.0,23.0,1476.0,21.0,64.0,73.0,87.0,19680.0,576.0,27124.0,19.0,29.0,15184.0,31260.0,10.0,82.0
164076,Towson University,Towson,MD,79.0,19.0,35.0,51.0,76.0,2932.0,16734.0,127.0,50.0,72.0,89.0,9421.0,399.0,5719.0,21.0,31.0,10818.0,26820.0,15.0,82.0
165024,Bridgewater State University,Bridgewater,MA,88.0,20.0,33.0,63.0,69.0,1488.0,7911.0,205.0,39.0,62.0,92.0,11857.0,0.0,7710.0,33.0,21.0,11051.0,17191.0,17.0,75.0
165820,Fitchburg State University,Fitchburg,MA,86.0,18.0,41.0,73.0,60.0,3386.0,2911.0,257.0,37.0,57.0,90.0,16736.0,33.0,6485.0,30.0,24.0,10921.0,17001.0,12.0,72.0
165866,Framingham State University,Framingham,MA,87.0,12.0,45.0,70.0,79.0,1141.0,2712.0,258.0,37.0,50.0,92.0,10881.0,20.0,20154.0,18.0,24.0,11380.0,17460.0,11.0,71.0
166513,University of Massachusetts-Lowell,Lowell,MA,86.0,18.0,35.0,78.0,65.0,4764.0,11985.0,404.0,47.0,69.0,87.0,16069.0,8929.0,13359.0,32.0,29.0,16182.0,34550.0,17.0,84.0
166629,University of Massachusetts-Amherst,Amherst,MA,64.0,19.0,18.0,74.0,98.0,7838.0,24111.0,280.0,77.0,84.0,65.0,25775.0,7677.0,18351.0,29.0,28.0,16952.0,38171.0,18.0,90.0
166638,University of Massachusetts-Boston,Boston,MA,81.0,15.0,46.0,86.0,54.0,3365.0,11749.0,472.0,27.0,49.0,78.0,18274.0,3889.0,10759.0,34.0,32.0,15132.0,36105.0,16.0,72.0
166674,Massachusetts College of Art and Design,Boston,MA,79.0,20.0,32.0,70.0,69.0,106.0,1753.0,80.0,59.0,74.0,64.0,15467.0,0.0,9508.0,29.0,29.0,14570.0,40960.0,9.0,84.0
166692,Massachusetts Maritime Academy,Buzzards Bay,MA,89.0,34.0,17.0,66.0,100.0,99.0,1323.0,3.0,66.0,78.0,73.0,18873.0,0.0,30665.0,27.0,17.0,10634.0,24522.0,12.0,78.0
167288,Massachusetts College of Liberal Arts,North Adams,MA,92.0,13.0,46.0,97.0,82.0,100.0,760.0,78.0,49.0,58.0,55.0,23085.0,0.0,22138.0,8.0,48.0,11590.0,20535.0,9.0,64.0
167729,Salem State University,Salem,MA,93.0,18.0,48.0,98.0,54.0,1461.0,4592.0,486.0,42.0,57.0,90.0,11246.0,0.0,24.0,27.0,25.0,11978.0,18961.0,12.0,75.0
167987,University of Massachusetts-Dartmouth,North Dartmouth,MA,96.0,16.0,45.0,92.0,71.0,1940.0,5331.0,186.0,39.0,54.0,87.0,19711.0,4294.0,16923.0,26.0,35.0,14854.0,30992.0,15.0,67.0
168263,Westfield State University,Westfield,MA,82.0,15.0,41.0,63.0,78.0,759.0,3693.0,250.0,46.0,61.0,89.0,12948.0,0.0,3207.0,29.0,16.0,11500.0,17580.0,14.0,75.0
168430,Worcester State University,Worcester,MA,88.0,19.0,39.0,51.0,54.0,833.0,4025.0,453.0,47.0,61.0,93.0,10084.0,0.0,5254.0,29.0,16.0,10786.0,16866.0,14.0,75.0
169248,Central Michigan University,Mount Pleasant,MI,79.0,13.0,32.0,95.0,88.0,4156.0,10297.0,104.0,34.0,62.0,90.0,9901.0,2149.0,22395.0,31.0,26.0,13650.0,13650.0,17.0,72.0
169798,Eastern Michigan University,Ypsilanti,MI,83.0,13.0,48.0,92.0,63.0,2401.0,11201.0,416.0,23.0,48.0,84.0,9046.0,514.0,8223.0,39.0,24.0,16410.0,16410.0,14.0,66.0
169910,Ferris State University,Big Rapids,MI,88.0,16.0,42.0,88.0,85.0,1072.0,8390.0,610.0,36.0,55.0,92.0,10780.0,218.0,13470.0,30.0,28.0,13076.0,13076.0,15.0,77.0
170082,Grand Valley State University,Allendale,MI,90.0,25.0,32.0,86.0,90.0,2983.0,18487.0,178.0,41.0,67.0,91.0,11326.0,484.0,9152.0,49.0,24.0,13952.0,19856.0,15.0,79.0
170976,University of Michigan-Ann Arbor,Ann Arbor,MI,18.0,47.0,18.0,54.0,88.0,18530.0,32448.0,247.0,81.0,94.0,51.0,43551.0,33818.0,527134.0,12.0,24.0,16736.0,55334.0,12.0,97.0
171100,Michigan State University,East Lansing,MI,88.0,21.0,18.0,96.0,96.0,10822.0,39021.0,180.0,59.0,82.0,71.0,22006.0,13910.0,112119.0,28.0,20.0,15372.0,41958.0,17.0,89.0
171128,Michigan Technological University,Houghton,MI,94.0,19.0,20.0,97.0,94.0,1364.0,5633.0,66.0,34.0,69.0,76.0,16156.0,16402.0,26208.0,30.0,34.0,17614.0,39574.0,13.0,85.0
171137,University of Michigan-Dearborn,Dearborn,MI,54.0,15.0,49.0,96.0,53.0,2107.0,5962.0,154.0,27.0,56.0,94.0,14167.0,927.0,14556.0,57.0,33.0,14320.0,29584.0,16.0,82.0
171146,University of Michigan-Flint,Flint,MI,66.0,13.0,47.0,94.0,24.0,1376.0,4029.0,580.0,12.0,36.0,98.0,16335.0,249.0,41031.0,55.0,24.0,13242.0,25506.0,13.0,77.0
171456,Northern Michigan University,Marquette,MI,71.0,32.0,28.0,89.0,80.0,536.0,6322.0,112.0,32.0,53.0,74.0,9319.0,292.0,2732.0,30.0,28.0,12648.0,18144.0,18.0,73.0
171571,Oakland University,Rochester Hills,MI,90.0,21.0,39.0,92.0,32.0,3267.0,12626.0,215.0,31.0,56.0,95.0,11794.0,1589.0,9892.0,50.0,24.0,14476.0,23730.0,17.0,75.0
172051,Saginaw Valley State University,University Center,MI,76.0,19.0,35.0,98.0,72.0,679.0,6211.0,257.0,14.0,42.0,98.0,8731.0,266.0,15476.0,40.0,33.0,11565.0,27164.0,16.0,72.0
172644,Wayne State University,Detroit,MI,75.0,24.0,51.0,90.0,35.0,7672.0,15669.0,289.0,29.0,56.0,93.0,20323.0,12321.0,29259.0,27.0,34.0,14675.0,31364.0,14.0,84.0
172699,Western Michigan University,Kalamazoo,MI,85.0,15.0,27.0,91.0,79.0,3411.0,13264.0,325.0,28.0,56.0,79.0,14612.0,1681.0,42002.0,32.0,21.0,14623.0,18254.0,16.0,77.0
173124,Bemidji State University,Bemidji,MN,78.0,22.0,27.0,70.0,82.0,346.0,3187.0,490.0,31.0,46.0,85.0,9844.0,20.0,9427.0,25.0,41.0,10130.0,10130.0,16.0,71.0
173920,Minnesota State University-Mankato,Mankato,MN,71.0,29.0,22.0,43.0,83.0,1914.0,11354.0,1322.0,29.0,51.0,77.0,10230.0,283.0,5680.0,42.0,19.0,9444.0,18814.0,21.0,76.0
174020,Metropolitan State University,Saint Paul,MN,82.0,26.0,67.0,5.0,48.0,806.0,5152.0,336.0,15.0,38.0,99.0,7170.0,595.0,1463.0,28.0,42.0,9684.0,9684.0,14.0,64.0
174066,University of Minnesota-Twin Cities,Minneapolis,MN,75.0,24.0,22.0,61.0,71.0,15707.0,30560.0,8688.0,72.0,84.0,68.0,26548.0,36055.0,160385.0,18.0,30.0,15859.0,35099.0,16.0,90.0
174233,University of Minnesota-Duluth,Duluth,MN,81.0,26.0,21.0,89.0,84.0,865.0,7754.0,1056.0,45.0,65.0,84.0,9786.0,3434.0,35885.0,31.0,31.0,14126.0,19516.0,16.0,77.0
174358,Minnesota State University Moorhead,Moorhead,MN,57.0,29.0,30.0,84.0,88.0,953.0,3462.0,267.0,39.0,57.0,68.0,10748.0,37.0,9544.0,30.0,32.0,10236.0,19072.0,17.0,72.0
174783,Saint Cloud State University,Saint Cloud,MN,95.0,17.0,34.0,52.0,56.0,1851.0,5395.0,3174.0,24.0,46.0,75.0,14226.0,555.0,7523.0,30.0,31.0,10117.0,20001.0,16.0,69.0
175078,Southwest Minnesota State University,Marshall,MN,92.0,23.0,36.0,82.0,78.0,412.0,1956.0,4562.0,29.0,47.0,74.0,11181.0,55.0,7250.0,22.0,41.0,10122.0,10122.0,15.0,67.0
175272,Winona State University,Winona,MN,74.0,30.0,23.0,93.0,84.0,751.0,5254.0,149.0,44.0,62.0,67.0,11206.0,161.0,9948.0,30.0,29.0,10492.0,17224.0,16.0,76.0
175616,Delta State University,Cleveland,MS,99.0,24.0,43.0,75.0,88.0,667.0,1627.0,262.0,24.0,44.0,66.0,13864.0,107.0,21125.0,26.0,18.0,8605.0,8605.0,10.0,64.0
176017,University of Mississippi,University,MS,97.0,21.0,19.0,73.0,97.0,4998.0,17157.0,145.0,52.0,68.0,35.0,21278.0,9501.0,45509.0,12.0,33.0,9220.0,26440.0,16.0,89.0
176035,Mississippi University for Women,Columbus,MS,99.0,28.0,56.0,72.0,86.0,259.0,1701.0,379.0,31.0,45.0,74.0,11448.0,142.0,36195.0,18.0,32.0,7866.0,7866.0,11.0,73.0
176080,Mississippi State University,Mississippi State,MS,75.0,24.0,30.0,93.0,96.0,4344.0,18154.0,151.0,36.0,60.0,59.0,9879.0,10674.0,35226.0,22.0,37.0,9398.0,25444.0,16.0,81.0
176372,University of Southern Mississippi,Hattiesburg,MS,99.0,18.0,52.0,70.0,90.0,3268.0,10149.0,109.0,32.0,52.0,70.0,9792.0,5905.0,12868.0,24.0,36.0,9450.0,11450.0,15.0,70.0
176965,University of Central Missouri,Warrensburg,MO,71.0,29.0,33.0,92.0,80.0,4292.0,5920.0,1425.0,34.0,53.0,88.0,16815.0,158.0,11053.0,37.0,18.0,9413.0,17453.0,19.0,72.0
178341,Missouri Southern State University,Joplin,MO,99.0,31.0,46.0,72.0,49.0,92.0,3245.0,807.0,22.0,36.0,70.0,8901.0,0.0,12680.0,17.0,53.0,8026.0,16052.0,17.0,62.0
178387,Missouri Western State University,Saint Joseph,MO,88.0,60.0,48.0,80.0,42.0,182.0,2628.0,1213.0,19.0,37.0,82.0,6470.0,164.0,13225.0,32.0,33.0,9090.0,16100.0,17.0,63.0
178396,University of Missouri-Columbia,Columbia,MO,79.0,31.0,19.0,82.0,87.0,7559.0,23206.0,539.0,52.0,73.0,70.0,15901.0,14105.0,56631.0,10.0,36.0,11981.0,31970.0,18.0,89.0
178402,University of Missouri-Kansas City,Kansas City,MO,69.0,32.0,45.0,85.0,49.0,5524.0,6479.0,3700.0,29.0,55.0,69.0,23888.0,5628.0,31014.0,30.0,29.0,11287.0,27760.0,14.0,77.0
178411,Missouri University of Science and Technology,Rolla,MO,81.0,22.0,21.0,96.0,99.0,1582.0,5453.0,45.0,22.0,63.0,76.0,17903.0,8832.0,46363.0,21.0,50.0,11365.0,29809.0,18.0,86.0
178420,University of Missouri-St Louis,Saint Louis,MO,51.0,22.0,48.0,99.0,35.0,2766.0,5378.0,7037.0,37.0,58.0,79.0,15508.0,1898.0,21196.0,30.0,31.0,11693.0,29960.0,13.0,75.0
178615,Truman State University,Kirksville,MO,45.0,32.0,20.0,100.0,97.0,338.0,2920.0,702.0,59.0,72.0,73.0,15788.0,223.0,20118.0,18.0,51.0,9014.0,17036.0,13.0,81.0
178624,Northwest Missouri State University,Maryville,MO,86.0,19.0,35.0,93.0,87.0,3197.0,4679.0,629.0,34.0,51.0,65.0,11114.0,85.0,9040.0,39.0,36.0,9502.0,15569.0,18.0,80.0
179557,Southeast Missouri State University,Cape Girardeau,MO,86.0,24.0,36.0,85.0,64.0,1473.0,7010.0,1444.0,35.0,54.0,74.0,9501.0,82.0,13912.0,27.0,37.0,9015.0,15585.0,20.0,73.0
179566,Missouri State University-Springfield,Springfield,MO,93.0,26.0,28.0,80.0,100.0,4116.0,13332.0,5087.0,38.0,59.0,78.0,10657.0,1235.0,11556.0,32.0,24.0,8604.0,17144.0,19.0,76.0
180179,Montana State University Billings,Billings,MT,100.0,27.0,38.0,74.0,31.0,392.0,2742.0,923.0,14.0,25.0,86.0,8343.0,314.0,10925.0,26.0,22.0,6198.0,19924.0,15.0,60.0
180416,Montana Technological University,Butte,MT,89.0,20.0,21.0,70.0,71.0,188.0,1424.0,13.0,36.0,57.0,77.0,13170.0,10358.0,40283.0,16.0,31.0,7580.0,23210.0,13.0,72.0
180461,Montana State University,Bozeman,MT,73.0,18.0,16.0,78.0,77.0,2056.0,14343.0,282.0,31.0,54.0,35.0,9802.0,13105.0,17611.0,30.0,18.0,7727.0,29604.0,18.0,75.0
180489,The University of Montana,Missoula,MT,95.0,19.0,29.0,76.0,62.0,2740.0,6937.0,278.0,33.0,49.0,55.0,13317.0,11157.0,36597.0,21.0,25.0,7719.0,29634.0,17.0,74.0
180522,Montana State University-Northern,Havre,MT,56.0,11.0,43.0,45.0,65.0,35.0,816.0,289.0,24.0,35.0,87.0,10652.0,365.0,12194.0,20.0,35.0,5955.0,18665.0,14.0,68.0
180948,Chadron State College,Chadron,NE,88.0,81.0,39.0,87.0,87.0,445.0,1690.0,125.0,24.0,39.0,46.0,7976.0,42.0,14865.0,21.0,34.0,7834.0,7834.0,16.0,72.0
181215,University of Nebraska at Kearney,Kearney,NE,86.0,15.0,33.0,82.0,87.0,1772.0,4159.0,110.0,32.0,57.0,85.0,12515.0,805.0,16387.0,22.0,35.0,7984.0,13786.0,13.0,74.0
181394,University of Nebraska at Omaha,Omaha,NE,86.0,29.0,40.0,74.0,57.0,3032.0,11866.0,160.0,25.0,52.0,88.0,11521.0,2360.0,8914.0,30.0,34.0,8136.0,21718.0,15.0,74.0
181428,University of Nebraska Medical Center,Omaha,NE,80.0,15.0,70.0,75.0,15.0,2774.0,861.0,25.0,14.0,30.0,95.0,256235.0,195345.0,440314.0,8.0,13.0,9748.0,26312.0,2.0,49.0
181464,University of Nebraska-Lincoln,Lincoln,NE,79.0,31.0,24.0,92.0,75.0,4616.0,19097.0,92.0,46.0,66.0,73.0,14375.0,13547.0,62653.0,16.0,38.0,9872.0,26984.0,16.0,82.0
181534,Peru State College,Peru,NE,88.0,20.0,46.0,84.0,88.0,230.0,1187.0,383.0,24.0,39.0,56.0,7067.0,2.0,18585.0,17.0,40.0,7920.0,7920.0,20.0,59.0
181783,Wayne State College,Wayne,NE,88.0,81.0,37.0,54.0,93.0,913.0,3057.0,803.0,32.0,50.0,81.0,8129.0,91.0,9124.0,22.0,31.0,7786.0,7786.0,22.0,72.0
182281,University of Nevada-Las Vegas,Las Vegas,NV,85.0,38.0,47.0,76.0,18.0,5295.0,24329.0,1036.0,19.0,47.0,82.0,16096.0,2452.0,14858.0,25.0,33.0,8947.0,25489.0,18.0,77.0
182290,University of Nevada-Reno,Reno,NV,86.0,41.0,28.0,83.0,52.0,3972.0,15896.0,1077.0,40.0,63.0,76.0,17363.0,8389.0,28817.0,20.0,29.0,8947.0,25501.0,18.0,80.0
183044,University of New Hampshire-Main Campus,Durham,NH,87.0,16.0,16.0,95.0,86.0,2418.0,11396.0,116.0,70.0,78.0,37.0,15233.0,17184.0,38809.0,26.0,44.0,19024.0,37934.0,16.0,86.0
183062,Keene State College,Keene,NH,90.0,18.0,24.0,100.0,84.0,135.0,2690.0,47.0,54.0,60.0,46.0,11686.0,2453.0,19176.0,29.0,44.0,14638.0,25547.0,15.0,77.0
183080,Plymouth State University,Plymouth,NH,98.0,15.0,27.0,99.0,90.0,564.0,3286.0,22.0,46.0,53.0,49.0,10542.0,657.0,10835.0,35.0,43.0,14492.0,24872.0,17.0,68.0
183257,Granite State College,Concord,NH,63.0,73.0,39.0,39.0,61.0,230.0,1134.0,61.0,3.0,15.0,71.0,2781.0,16.0,8892.0,37.0,44.0,7806.0,9150.0,14.0,40.0
184782,Rowan University,Glassboro,NJ,77.0,20.0,34.0,77.0,71.0,4304.0,14914.0,317.0,46.0,69.0,94.0,18413.0,2871.0,23720.0,30.0,29.0,14952.0,24345.0,16.0,85.0
185129,New Jersey City University,Jersey City,NJ,90.0,13.0,60.0,51.0,22.0,1644.0,4677.0,218.0,17.0,39.0,95.0,10854.0,6.0,3274.0,28.0,51.0,13564.0,24163.0,15.0,73.0
185262,Kean University,Union,NJ,83.0,23.0,60.0,75.0,36.0,2039.0,10524.0,321.0,24.0,48.0,92.0,13700.0,1253.0,6314.0,33.0,36.0,12972.0,20364.0,16.0,74.0
185590,Montclair State University,Montclair,NJ,91.0,20.0,52.0,51.0,36.0,4494.0,16902.0,388.0,47.0,67.0,95.0,10973.0,2208.0,3184.0,34.0,34.0,13762.0,22472.0,17.0,81.0
185828,New Jersey Institute of Technology,Newark,NJ,66.0,18.0,45.0,75.0,38.0,3313.0,8365.0,654.0,38.0,74.0,90.0,17556.0,10535.0,17745.0,30.0,36.0,18512.0,34972.0,15.0,89.0
186201,Ramapo College of New Jersey,Mahwah,NJ,70.0,17.0,28.0,54.0,60.0,546.0,4611.0,321.0,58.0,72.0,93.0,15310.0,89.0,5906.0,33.0,34.0,15363.0,25373.0,16.0,84.0
186371,Rutgers University-Camden,Camden,NJ,77.0,6.0,46.0,90.0,48.0,1781.0,4077.0,108.0,43.0,71.0,91.0,24455.0,2141.0,17954.0,40.0,23.0,16112.0,33812.0,13.0,79.0
186380,Rutgers University-New Brunswick,New Brunswick,NJ,66.0,28.0,26.0,47.0,70.0,14293.0,36090.0,254.0,68.0,84.0,85.0,26304.0,20089.0,41183.0,18.0,23.0,16263.0,33963.0,15.0,92.0
186399,Rutgers University-Newark,Newark,NJ,74.0,11.0,56.0,58.0,37.0,3506.0,7188.0,323.0,35.0,65.0,95.0,25862.0,4534.0,30832.0,46.0,18.0,15648.0,33348.0,13.0,82.0
186876,Stockton University,Galloway,NJ,86.0,19.0,46.0,84.0,69.0,942.0,8105.0,33.0,60.0,76.0,96.0,10508.0,355.0,4989.0,31.0,42.0,15188.0,22922.0,18.0,78.0
187046,Thomas Edison State University,Trenton,NJ,75.0,37.0,39.0,9.0,23.0,890.0,7268.0,90.0,12.0,53.0,90.0,9847.0,0.0,1802.0,48.0,9.0,7372.0,9556.0,15.0,70.0
187134,The College of New Jersey,Ewing,NJ,64.0,24.0,24.0,57.0,88.0,590.0,6840.0,199.0,76.0,87.0,95.0,12754.0,3422.0,8482.0,42.0,24.0,17978.0,30772.0,13.0,90.0
187444,William Paterson University of New Jersey,Wayne,NJ,92.0,12.0,56.0,65.0,42.0,2466.0,6591.0,13.0,32.0,53.0,92.0,13985.0,271.0,4587.0,34.0,37.0,14624.0,23624.0,15.0,71.0
187648,Eastern New Mexico University-Main Campus,Portales,NM,28.0,92.0,50.0,38.0,54.0,1273.0,2899.0,934.0,21.0,34.0,79.0,8769.0,187.0,13072.0,13.0,44.0,6863.0,8843.0,16.0,62.0
187897,New Mexico Highlands University,Las Vegas,NM,80.0,21.0,56.0,80.0,61.0,1052.0,1500.0,125.0,18.0,27.0,78.0,17150.0,2939.0,6195.0,14.0,8.0,7140.0,11988.0,10.0,63.0
187967,New Mexico Institute of Mining and Technology,Socorro,NM,74.0,33.0,34.0,85.0,88.0,471.0,1160.0,58.0,31.0,55.0,88.0,17040.0,91062.0,65009.0,4.0,45.0,9058.0,26312.0,9.0,75.0
187985,University of New Mexico-Main Campus,Albuquerque,NM,96.0,29.0,40.0,74.0,52.0,5578.0,15639.0,271.0,34.0,53.0,81.0,17738.0,16819.0,39668.0,3.0,55.0,8076.0,26411.0,17.0,72.0
188030,New Mexico State University-Main Campus,Las Cruces,NM,78.0,19.0,48.0,73.0,52.0,2677.0,11065.0,526.0,26.0,50.0,72.0,12631.0,10895.0,4057.0,7.0,61.0,7627.0,24751.0,16.0,72.0
188058,Northern New Mexico College,Espanola,NM,56.0,46.0,70.0,27.0,48.0,0.0,812.0,342.0,10.0,20.0,94.0,12646.0,211.0,5906.0,11.0,46.0,5064.0,14329.0,12.0,53.0
188304,Western New Mexico University,Silver City,NM,88.0,30.0,54.0,35.0,30.0,1001.0,1782.0,595.0,19.0,24.0,74.0,11718.0,130.0,8197.0,18.0,30.0,7657.0,14287.0,11.0,62.0
190512,CUNY Bernard M Baruch College,New York,NY,50.0,20.0,69.0,70.0,2.0,3958.0,15554.0,342.0,49.0,74.0,83.0,11881.0,281.0,16235.0,24.0,45.0,7464.0,15414.0,19.0,84.0
190549,CUNY Brooklyn College,Brooklyn,NY,55.0,11.0,69.0,74.0,4.0,2534.0,10785.0,876.0,31.0,56.0,91.0,15196.0,1214.0,10144.0,14.0,58.0,7440.0,15390.0,13.0,77.0
190558,College of Staten Island CUNY,Staten Island,NY,73.0,14.0,61.0,58.0,4.0,949.0,8987.0,312.0,26.0,49.0,91.0,13095.0,679.0,2111.0,15.0,54.0,7490.0,15440.0,16.0,69.0
190567,CUNY City College,New York,NY,67.0,12.0,71.0,68.0,4.0,2560.0,11481.0,448.0,24.0,57.0,90.0,22820.0,6826.0,26948.0,7.0,61.0,7340.0,15290.0,14.0,75.0
190576,CUNY Graduate School and University Center,New York,NY,24.0,14.0,70.0,33.0,62.0,5940.0,2666.0,127.0,5.0,21.0,100.0,76153.0,27552.0,35999.0,7.0,45.0,7410.0,15360.0,11.0,65.0
190594,CUNY Hunter College,New York,NY,48.0,19.0,67.0,80.0,3.0,5714.0,16549.0,707.0,31.0,58.0,90.0,12909.0,2198.0,8440.0,21.0,47.0,7382.0,15332.0,14.0,80.0
190600,CUNY John Jay College of Criminal Justice,New York,NY,51.0,20.0,71.0,71.0,53.0,1860.0,11726.0,335.0,38.0,54.0,92.0,14688.0,1823.0,1222.0,11.0,60.0,7470.0,15420.0,16.0,76.0
190637,CUNY Lehman College,Bronx,NY,55.0,12.0,80.0,72.0,9.0,1804.0,10485.0,726.0,28.0,53.0,90.0,14847.0,802.0,3338.0,11.0,63.0,7410.0,15360.0,15.0,71.0
190664,CUNY Queens College,Queens,NY,69.0,15.0,62.0,62.0,3.0,2595.0,13513.0,893.0,28.0,55.0,81.0,13140.0,1918.0,4472.0,19.0,49.0,7538.0,15488.0,14.0,77.0
190691,CUNY York College,Jamaica,NY,59.0,8.0,70.0,60.0,62.0,247.0,4822.0,1377.0,9.0,33.0,90.0,14946.0,501.0,476.0,11.0,61.0,7358.0,15308.0,14.0,61.0
191126,Fashion Institute of Technology,New York,NY,53.0,54.0,35.0,14.0,40.0,254.0,7635.0,236.0,49.0,74.0,47.0,14370.0,0.0,6318.0,32.0,24.0,6170.0,16750.0,17.0,88.0
196024,SUNY College of Technology at Delhi,Delhi,NY,83.0,23.0,50.0,81.0,93.0,134.0,2459.0,19.0,41.0,49.0,97.0,13057.0,55.0,3222.0,14.0,41.0,8720.0,12490.0,14.0,67.0
196042,Farmingdale State College,Farmingdale,NY,73.0,34.0,41.0,62.0,12.0,50.0,8915.0,349.0,31.0,52.0,96.0,10648.0,75.0,546.0,23.0,34.0,8576.0,18486.0,18.0,81.0
196060,SUNY at Albany,Albany,NY,68.0,15.0,46.0,92.0,94.0,4394.0,12175.0,89.0,59.0,66.0,92.0,18211.0,4321.0,8284.0,16.0,38.0,10408.0,28248.0,17.0,83.0
196079,Binghamton University,Vestal,NY,42.0,18.0,27.0,55.0,97.0,3910.0,14398.0,4.0,75.0,84.0,86.0,16944.0,3841.0,9365.0,22.0,24.0,10363.0,28203.0,19.0,91.0
196088,University at Buffalo,Buffalo,NY,68.0,20.0,38.0,68.0,80.0,11338.0,20569.0,192.0,60.0,74.0,88.0,24770.0,9382.0,44138.0,23.0,25.0,10782.0,28702.0,12.0,84.0
196097,Stony Brook University,Stony Brook,NY,49.0,17.0,43.0,79.0,82.0,8201.0,17406.0,103.0,64.0,78.0,81.0,29913.0,10097.0,21276.0,7.0,26.0,10560.0,28480.0,19.0,88.0
196103,SUNY College of Environmental Science and Forestry,Syracuse,NY,70.0,21.0,22.0,94.0,94.0,355.0,1604.0,17.0,68.0,75.0,76.0,26572.0,14672.0,25157.0,14.0,19.0,9266.0,20916.0,13.0,79.0
196112,SUNY Polytechnic Institute,Utica,NY,82.0,16.0,37.0,89.0,71.0,860.0,1852.0,130.0,58.0,65.0,95.0,19433.0,162212.0,4016.0,4.0,30.0,8578.0,19338.0,13.0,79.0
196121,SUNY Brockport,Brockport,NY,68.0,19.0,43.0,82.0,75.0,1275.0,5107.0,42.0,48.0,63.0,98.0,15189.0,202.0,4279.0,18.0,33.0,8620.0,18530.0,18.0,66.0
196130,SUNY Buffalo State University,Buffalo,NY,86.0,12.0,67.0,87.0,62.0,981.0,5370.0,94.0,27.0,41.0,96.0,16168.0,936.0,14530.0,12.0,46.0,8486.0,18396.0,13.0,49.0
196149,SUNY Cortland,Cortland,NY,60.0,19.0,24.0,54.0,97.0,697.0,5980.0,13.0,51.0,65.0,96.0,11843.0,93.0,7975.0,20.0,28.0,8815.0,18725.0,15.0,80.0
196158,SUNY at Fredonia,Fredonia,NY,85.0,18.0,39.0,95.0,87.0,279.0,3193.0,19.0,47.0,62.0,95.0,16946.0,288.0,13218.0,15.0,38.0,8767.0,18677.0,12.0,73.0
196167,SUNY College at Geneseo,Geneseo,NY,75.0,13.0,25.0,90.0,98.0,74.0,4078.0,32.0,69.0,76.0,99.0,14079.0,244.0,8264.0,15.0,36.0,8966.0,18876.0,16.0,86.0
196176,State University of New York at New Paltz,New Paltz,NY,58.0,15.0,34.0,72.0,93.0,874.0,5990.0,100.0,58.0,73.0,97.0,14397.0,81.0,5018.0,22.0,25.0,8524.0,18434.0,16.0,84.0
196185,SUNY Oneonta,Oneonta,NY,73.0,16.0,35.0,77.0,97.0,571.0,4849.0,10.0,65.0,74.0,98.0,12713.0,80.0,13736.0,16.0,36.0,8775.0,18685.0,15.0,72.0
196194,State University of New York at Oswego,Oswego,NY,83.0,14.0,39.0,86.0,94.0,921.0,5957.0,28.0,54.0,66.0,91.0,14239.0,300.0,8774.0,18.0,37.0,8769.0,18679.0,16.0,73.0
196200,SUNY College at Potsdam,Potsdam,NY,83.0,17.0,45.0,94.0,88.0,345.0,2078.0,4.0,34.0,50.0,95.0,22231.0,213.0,19840.0,13.0,39.0,8712.0,18622.0,9.0,75.0
196219,SUNY at Purchase College,Purchase,NY,75.0,16.0,35.0,69.0,97.0,75.0,3050.0,57.0,56.0,63.0,85.0,19651.0,26.0,25362.0,14.0,33.0,8953.0,18863.0,11.0,79.0
196237,SUNY College at Old Westbury,Old Westbury,NY,92.0,17.0,58.0,76.0,40.0,363.0,3800.0,107.0,31.0,48.0,98.0,13327.0,87.0,77.0,17.0,40.0,8368.0,18278.0,16.0,71.0
196246,SUNY College at Plattsburgh,Plattsburgh,NY,70.0,17.0,46.0,87.0,88.0,470.0,3925.0,79.0,51.0,65.0,92.0,14332.0,223.0,6502.0,18.0,32.0,8881.0,18791.0,15.0,73.0
196255,SUNY Downstate Health Sciences University,Brooklyn,NY,80.0,25.0,70.0,37.0,15.0,1903.0,282.0,0.0,16.0,30.0,96.0,422003.0,100205.0,116850.0,7.0,5.0,7930.0,26312.0,9.0,49.0
196264,Empire State University,Saratoga Springs,NY,88.0,28.0,67.0,51.0,64.0,1672.0,7027.0,708.0,14.0,18.0,86.0,9135.0,8.0,3129.0,34.0,26.0,7630.0,17540.0,17.0,59.0
196291,SUNY Maritime College,Throggs Neck,NY,80.0,26.0,19.0,51.0,100.0,132.0,1291.0,4.0,52.0,74.0,79.0,20345.0,63.0,7089.0,18.0,15.0,8540.0,18450.0,14.0,78.0
196307,Upstate Medical University,Syracuse,NY,80.0,25.0,70.0,37.0,15.0,1273.0,157.0,1.0,16.0,30.0,96.0,605432.0,159995.0,782787.0,2.0,9.0,7930.0,26312.0,8.0,49.0
197027,United States Merchant Marine Academy,Kings Point,NY,27.0,60.0,7.0,0.0,100.0,12.0,931.0,0.0,74.0,81.0,15.0,20444.0,0.0,4763.0,0.0,100.0,1008.0,1008.0,13.0,79.0
197869,Appalachian State University,Boone,NC,83.0,21.0,24.0,45.0,91.0,1878.0,18467.0,91.0,57.0,73.0,87.0,9134.0,572.0,10327.0,24.0,19.0,7450.0,23454.0,16.0,83.0
198464,East Carolina University,Greenville,NC,92.0,19.0,35.0,47.0,90.0,5463.0,20385.0,1303.0,45.0,66.0,83.0,15573.0,2522.0,12709.0,17.0,21.0,7325.0,23602.0,18.0,80.0
199111,University of North Carolina at Asheville,Asheville,NC,74.0,16.0,24.0,90.0,82.0,0.0,2803.0,111.0,48.0,65.0,82.0,12230.0,973.0,24980.0,15.0,33.0,7380.0,24728.0,12.0,69.0
199120,University of North Carolina at Chapel Hill,Chapel Hill,NC,17.0,46.0,17.0,34.0,93.0,11676.0,19921.0,108.0,85.0,92.0,83.0,47768.0,40592.0,266946.0,12.0,24.0,8989.0,37550.0,17.0,96.0
199139,University of North Carolina at Charlotte,Charlotte,NC,80.0,24.0,32.0,47.0,79.0,6090.0,23063.0,398.0,43.0,66.0,88.0,11895.0,1662.0,13289.0,28.0,20.0,7214.0,21338.0,20.0,84.0
199148,University of North Carolina at Greensboro,Greensboro,NC,92.0,22.0,54.0,81.0,80.0,3780.0,13862.0,336.0,38.0,58.0,92.0,11367.0,1911.0,26427.0,16.0,34.0,7498.0,22657.0,17.0,73.0
199184,University of North Carolina School of the Arts,Winston Salem,NC,32.0,58.0,25.0,66.0,86.0,184.0,915.0,5.0,67.0,70.0,43.0,28658.0,0.0,138408.0,20.0,26.0,9388.0,26622.0,6.0,93.0
199193,North Carolina State University at Raleigh,Raleigh,NC,47.0,34.0,18.0,48.0,94.0,10446.0,25109.0,1145.0,64.0,85.0,83.0,22359.0,16394.0,80379.0,18.0,25.0,9128.0,30869.0,16.0,94.0
199218,University of North Carolina Wilmington,Wilmington,NC,69.0,20.0,22.0,50.0,89.0,3549.0,13960.0,334.0,56.0,72.0,80.0,11783.0,1199.0,10734.0,28.0,15.0,7238.0,21858.0,17.0,83.0
199281,University of North Carolina at Pembroke,Pembroke,NC,90.0,23.0,58.0,42.0,72.0,2023.0,5544.0,99.0,24.0,43.0,82.0,8675.0,72.0,5729.0,12.0,27.0,3495.0,7495.0,14.0,72.0
200004,Western Carolina University,Cullowhee,NC,85.0,13.0,38.0,69.0,91.0,1679.0,9809.0,147.0,43.0,61.0,80.0,9001.0,302.0,13263.0,14.0,25.0,4453.0,8453.0,16.0,71.0
200059,Dickinson State University,Dickinson,ND,72.0,46.0,24.0,80.0,68.0,62.0,1148.0,263.0,18.0,36.0,51.0,10879.0,90.0,14237.0,24.0,33.0,9118.0,11218.0,13.0,57.0
200226,Mayville State University,Mayville,ND,71.0,52.0,36.0,76.0,80.0,46.0,767.0,310.0,18.0,31.0,59.0,8970.0,335.0,12720.0,20.0,26.0,7873.0,11131.0,14.0,58.0
200253,Minot State University,Minot,ND,93.0,81.0,26.0,85.0,46.0,247.0,2168.0,362.0,27.0,46.0,72.0,9043.0,158.0,17869.0,22.0,26.0,8508.0,8508.0,10.0,70.0
200280,University of North Dakota,Grand Forks,ND,83.0,32.0,16.0,71.0,79.0,3948.0,9066.0,862.0,40.0,62.0,38.0,23132.0,15039.0,36752.0,32.0,11.0,10951.0,15570.0,17.0,79.0
200332,North Dakota State University-Main Campus,Fargo,ND,96.0,31.0,21.0,70.0,76.0,2146.0,9795.0,301.0,41.0,65.0,35.0,12941.0,13014.0,42853.0,22.0,18.0,10992.0,15646.0,17.0,75.0
200572,Valley City State University,Valley City,ND,83.0,57.0,30.0,94.0,83.0,137.0,914.0,607.0,35.0,53.0,69.0,17392.0,274.0,12341.0,24.0,37.0,8458.0,13422.0,12.0,71.0
200800,University of Akron Main Campus,Akron,OH,84.0,21.0,42.0,91.0,63.0,2142.0,10104.0,1224.0,22.0,49.0,92.0,11015.0,1337.0,26850.0,32.0,30.0,12427.0,15500.0,16.0,68.0
201441,Bowling Green State University-Main Campus,Bowling Green,OH,79.0,21.0,28.0,90.0,85.0,3067.0,12223.0,1630.0,46.0,61.0,88.0,14082.0,1445.0,16533.0,39.0,29.0,13639.0,22212.0,17.0,77.0
201885,University of Cincinnati-Main Campus,Cincinnati,OH,86.0,25.0,19.0,62.0,85.0,11492.0,27880.0,1783.0,38.0,72.0,78.0,16500.0,10141.0,63541.0,32.0,26.0,13176.0,28540.0,18.0,86.0
202134,Cleveland State University,Cleveland,OH,85.0,17.0,52.0,76.0,48.0,4609.0,9502.0,274.0,33.0,51.0,85.0,17245.0,2128.0,10332.0,45.0,20.0,12254.0,17469.0,16.0,69.0
203465,Kent State University at Stark,North Canton,OH,63.0,60.0,42.0,52.0,52.0,3.0,2602.0,841.0,0.0,1.0,99.0,6193.0,19.0,5906.0,41.0,25.0,7058.0,16164.0,19.0,48.0
203517,Kent State University at Kent,Kent,OH,88.0,24.0,32.0,94.0,77.0,5436.0,19179.0,1239.0,51.0,67.0,80.0,12672.0,1459.0,8690.0,41.0,26.0,12464.0,21570.0,19.0,78.0
203526,Kent State University at Geauga,Burton,OH,63.0,47.0,51.0,26.0,50.0,0.0,1517.0,578.0,0.0,1.0,100.0,4849.0,0.0,5906.0,45.0,23.0,7058.0,16164.0,25.0,36.0
204006,Miami University-Hamilton,Hamilton,OH,75.0,27.0,40.0,35.0,61.0,17.0,2065.0,186.0,7.0,17.0,94.0,8277.0,183.0,5906.0,56.0,17.0,7072.0,18196.0,12.0,57.0
204015,Miami University-Middletown,Middletown,OH,75.0,27.0,29.0,29.0,61.0,0.0,946.0,323.0,7.0,18.0,99.0,8420.0,20.0,5906.0,59.0,19.0,7072.0,18196.0,14.0,55.0
204024,Miami University-Oxford,Oxford,OH,88.0,15.0,13.0,94.0,100.0,2243.0,16721.0,143.0,73.0,83.0,62.0,12900.0,1261.0,41054.0,43.0,34.0,17264.0,38293.0,15.0,89.0
204796,Ohio State University-Main Campus,Columbus,OH,53.0,23.0,17.0,63.0,92.0,14417.0,45140.0,983.0,67.0,88.0,66.0,29749.0,15332.0,153632.0,11.0,19.0,12485.0,36722.0,17.0,93.0
204857,Ohio University-Main Campus,Athens,OH,87.0,21.0,22.0,91.0,93.0,6032.0,17611.0,502.0,51.0,67.0,88.0,14023.0,3085.0,36831.0,37.0,22.0,13352.0,23720.0,18.0,79.0
205443,Shawnee State University,Portsmouth,OH,84.0,28.0,53.0,56.0,43.0,206.0,2425.0,666.0,36.0,49.0,84.0,8317.0,0.0,7902.0,30.0,40.0,9341.0,15686.0,14.0,66.0
206084,University of Toledo,Toledo,OH,92.0,18.0,30.0,82.0,50.0,3580.0,10787.0,1178.0,32.0,56.0,74.0,21885.0,5170.0,32693.0,17.0,25.0,12020.0,21380.0,17.0,75.0
206604,Wright State University-Main Campus,Dayton,OH,95.0,19.0,42.0,84.0,52.0,2740.0,6327.0,611.0,27.0,44.0,95.0,15547.0,2894.0,21238.0,34.0,28.0,10864.0,20282.0,14.0,64.0
206695,Youngstown State University,Youngstown,OH,81.0,27.0,39.0,82.0,33.0,2249.0,7741.0,1081.0,23.0,47.0,76.0,10243.0,804.0,41022.0,39.0,23.0,10478.0,10838.0,18.0,78.0
206914,Cameron University,Lawton,OK,88.0,27.0,48.0,53.0,33.0,285.0,2643.0,490.0,18.0,33.0,89.0,9108.0,37.0,8420.0,22.0,39.0,6705.0,16125.0,17.0,72.0
206941,University of Central Oklahoma,Edmond,OK,70.0,53.0,41.0,53.0,55.0,1511.0,10400.0,339.0,12.0,35.0,90.0,10262.0,373.0,4987.0,40.0,19.0,8234.0,19121.0,16.0,64.0
207041,East Central University,Ada,OK,70.0,60.0,49.0,55.0,52.0,646.0,2584.0,146.0,20.0,31.0,88.0,7486.0,69.0,13759.0,33.0,15.0,7405.0,16765.0,17.0,60.0
207263,Northeastern State University,Tahlequah,OK,99.0,43.0,51.0,55.0,71.0,1460.0,4885.0,357.0,20.0,39.0,91.0,11935.0,1019.0,5190.0,33.0,28.0,7400.0,16385.0,17.0,64.0
207306,Northwestern Oklahoma State University,Alva,OK,56.0,40.0,53.0,88.0,82.0,205.0,1430.0,217.0,21.0,30.0,69.0,8851.0,69.0,23234.0,23.0,52.0,5970.0,11664.0,16.0,60.0
207342,University of Oklahoma-Health Sciences Center,Oklahoma City,OK,80.0,25.0,70.0,37.0,15.0,2404.0,985.0,0.0,16.0,30.0,96.0,291979.0,103393.0,722216.0,8.0,8.0,7930.0,26312.0,8.0,49.0
207351,Oklahoma Panhandle State University,Goodwell,OK,88.0,81.0,56.0,74.0,61.0,0.0,1124.0,118.0,29.0,37.0,28.0,6726.0,0.0,11737.0,26.0,50.0,7634.0,8385.0,17.0,35.0
207388,Oklahoma State University-Main Campus,Stillwater,OK,71.0,34.0,26.0,92.0,90.0,4586.0,20362.0,424.0,45.0,66.0,64.0,11967.0,7948.0,27561.0,28.0,31.0,10234.0,25754.0,18.0,83.0
207500,University of Oklahoma-Norman Campus,Norman,OK,73.0,30.0,22.0,99.0,95.0,7026.0,20842.0,440.0,50.0,76.0,53.0,16991.0,7705.0,78775.0,31.0,26.0,9312.0,25880.0,16.0,88.0
207661,Rogers State University,Claremore,OK,88.0,36.0,51.0,46.0,42.0,109.0,2507.0,539.0,19.0,34.0,95.0,4973.0,22.0,6922.0,28.0,33.0,7252.0,15036.0,16.0,63.0
207847,Southeastern Oklahoma State University,Durant,OK,74.0,60.0,46.0,78.0,68.0,2457.0,2853.0,169.0,16.0,30.0,73.0,11313.0,44.0,10586.0,39.0,37.0,7020.0,15930.0,22.0,59.0
207865,Southwestern Oklahoma State University,Weatherford,OK,77.0,38.0,43.0,85.0,54.0,836.0,3596.0,345.0,20.0,40.0,89.0,11494.0,217.0,10948.0,29.0,39.0,8130.0,15240.0,18.0,68.0
208646,Eastern Oregon University,La Grande,OR,99.0,25.0,40.0,94.0,71.0,259.0,2262.0,153.0,27.0,38.0,65.0,7627.0,56.0,7738.0,24.0,26.0,10041.0,23226.0,13.0,68.0
209490,Oregon Health & Science University,Portland,OR,80.0,25.0,70.0,37.0,15.0,2118.0,752.0,0.0,11.0,30.0,97.0,368023.0,491838.0,1595863.0,2.0,17.0,7930.0,26312.0,10.0,49.0
209506,Oregon Institute of Technology,Klamath Falls,OR,93.0,11.0,32.0,91.0,66.0,109.0,3088.0,1714.0,28.0,56.0,68.0,10233.0,2143.0,9920.0,20.0,31.0,12122.0,33956.0,15.0,72.0
209542,Oregon State University,Corvallis,OR,83.0,21.0,19.0,87.0,92.0,5387.0,28407.0,498.0,41.0,68.0,57.0,12530.0,9157.0,30770.0,24.0,27.0,12664.0,33439.0,19.0,87.0
209551,University of Oregon,Eugene,OR,86.0,17.0,21.0,80.0,78.0,3598.0,19443.0,122.0,61.0,74.0,43.0,17027.0,6143.0,70427.0,34.0,20.0,15054.0,41700.0,20.0,86.0
209807,Portland State University,Portland,OR,93.0,22.0,58.0,55.0,36.0,4747.0,14299.0,2563.0,29.0,54.0,78.0,13962.0,2632.0,6931.0,28.0,17.0,10806.0,29706.0,17.0,72.0
210146,Southern Oregon University,Ashland,OR,88.0,30.0,38.0,86.0,61.0,919.0,2898.0,1387.0,28.0,41.0,58.0,12881.0,301.0,11914.0,25.0,31.0,11691.0,30051.0,23.0,71.0
210429,Western Oregon University,Monmouth,OR,83.0,21.0,42.0,88.0,82.0,431.0,3292.0,28.0,27.0,48.0,76.0,9603.0,596.0,5771.0,20.0,35.0,10602.0,30582.0,13.0,70.0
212115,East Stroudsburg University of Pennsylvania,East Stroudsburg,PA,94.0,22.0,48.0,89.0,71.0,751.0,4324.0,68.0,36.0,49.0,78.0,8764.0,448.0,5088.0,26.0,39.0,10987.0,18953.0,20.0,74.0
213020,Indiana University of Pennsylvania-Main Campus,Indiana,PA,92.0,22.0,44.0,94.0,84.0,1778.0,6611.0,427.0,41.0,57.0,96.0,11781.0,248.0,12327.0,28.0,39.0,11320.0,18927.0,21.0,71.0
213349,Kutztown University of Pennsylvania,Kutztown,PA,96.0,23.0,35.0,90.0,87.0,958.0,6334.0,163.0,37.0,54.0,84.0,10011.0,166.0,6204.0,28.0,32.0,11230.0,15628.0,20.0,79.0
214041,Millersville University of Pennsylvania,Millersville,PA,92.0,20.0,32.0,82.0,77.0,961.0,5697.0,117.0,34.0,57.0,88.0,9730.0,123.0,9277.0,33.0,23.0,12262.0,22232.0,18.0,77.0
214591,Pennsylvania State University-Penn State Erie-Behrend College,Erie,PA,95.0,20.0,28.0,64.0,67.0,107.0,3149.0,39.0,32.0,47.0,74.0,14343.0,499.0,20618.0,28.0,24.0,15904.0,26370.0,12.0,82.0
214713,Pennsylvania State University-Penn State Harrisburg,Middletown,PA,96.0,13.0,22.0,53.0,43.0,509.0,4053.0,10.0,17.0,29.0,46.0,12962.0,499.0,4763.0,28.0,16.0,15904.0,26370.0,14.0,80.0
214777,Pennsylvania State University-Main Campus,University Park,PA,55.0,19.0,13.0,35.0,91.0,8283.0,41417.0,328.0,69.0,85.0,51.0,20728.0,12263.0,46413.0,34.0,21.0,19835.0,38651.0,15.0,91.0
214801,Pennsylvania State University-Penn State Abington,Abington,PA,93.0,15.0,40.0,68.0,40.0,0.0,3072.0,18.0,14.0,24.0,68.0,14343.0,499.0,20618.0,22.0,38.0,15200.0,25102.0,15.0,76.0
214829,Pennsylvania State University-Penn State York,York,PA,93.0,10.0,32.0,78.0,68.0,7.0,662.0,49.0,9.0,15.0,81.0,14343.0,499.0,20618.0,18.0,36.0,15140.0,24834.0,11.0,72.0
215293,University of Pittsburgh-Pittsburgh Campus,Pittsburgh,PA,49.0,17.0,16.0,52.0,86.0,9347.0,19954.0,4466.0,69.0,84.0,54.0,20728.0,12263.0,46413.0,34.0,26.0,21080.0,37320.0,13.0,93.0
216010,Shippensburg University of Pennsylvania,Shippensburg,PA,88.0,19.0,33.0,69.0,83.0,719.0,4283.0,160.0,44.0,58.0,90.0,11408.0,132.0,11575.0,25.0,33.0,13544.0,14272.0,17.0,69.0
216038,Slippery Rock University of Pennsylvania,Slippery Rock,PA,74.0,35.0,29.0,59.0,91.0,1464.0,6707.0,50.0,54.0,68.0,87.0,10188.0,87.0,6536.0,39.0,25.0,10507.0,14615.0,19.0,82.0
216339,Temple University,Philadelphia,PA,80.0,15.0,33.0,86.0,64.0,9090.0,23697.0,409.0,57.0,75.0,65.0,20728.0,9572.0,34033.0,34.0,31.0,21135.0,35608.0,12.0,84.0
216764,West Chester University of Pennsylvania,West Chester,PA,88.0,23.0,28.0,57.0,86.0,2883.0,14014.0,378.0,53.0,73.0,87.0,8816.0,212.0,3907.0,45.0,18.0,10575.0,22399.0,20.0,82.0
217420,Rhode Island College,Providence,RI,88.0,20.0,52.0,91.0,29.0,1068.0,4596.0,123.0,21.0,46.0,80.0,15882.0,3512.0,8192.0,27.0,28.0,10966.0,26499.0,11.0,71.0
217484,University of Rhode Island,Kingston,RI,76.0,18.0,23.0,98.0,88.0,2705.0,13828.0,940.0,53.0,69.0,40.0,12091.0,9387.0,20236.0,39.0,30.0,15880.0,34362.0,17.0,85.0
217819,College of Charleston,Charleston,SC,76.0,13.0,20.0,65.0,88.0,913.0,9667.0,305.0,59.0,67.0,44.0,10543.0,881.0,12841.0,54.0,21.0,12978.0,35798.0,16.0,80.0
217864,Citadel Military College of South Carolina,Charleston,SC,99.0,31.0,19.0,65.0,100.0,1026.0,2658.0,37.0,68.0,73.0,51.0,18126.0,1136.0,149512.0,23.0,26.0,12570.0,35826.0,11.0,84.0
217882,Clemson University,Clemson,SC,43.0,20.0,14.0,53.0,86.0,5900.0,22467.0,99.0,65.0,85.0,52.0,16491.0,12076.0,44274.0,36.0,17.0,15558.0,39502.0,16.0,92.0
218061,Francis Marion University,Florence,SC,83.0,21.0,61.0,46.0,66.0,410.0,2684.0,951.0,18.0,43.0,95.0,13987.0,129.0,15843.0,22.0,49.0,11160.0,21544.0,13.0,65.0
218229,Lander University,Greenwood,SC,67.0,27.0,46.0,64.0,89.0,605.0,3360.0,202.0,36.0,53.0,87.0,6616.0,0.0,6347.0,17.0,67.0,11700.0,21300.0,16.0,66.0
218335,Medical University of South Carolina,Charleston,SC,80.0,25.0,70.0,37.0,15.0,2875.0,300.0,0.0,16.0,30.0,96.0,630898.0,839508.0,1440892.0,11.0,7.0,7930.0,26312.0,8.0,49.0
218645,University of South Carolina Aiken,Aiken,SC,76.0,30.0,48.0,35.0,48.0,695.0,2817.0,328.0,24.0,43.0,87.0,10738.0,329.0,10828.0,25.0,46.0,10760.0,21218.0,15.0,60.0
218654,University of South Carolina Beaufort,Bluffton,SC,80.0,24.0,45.0,50.0,77.0,71.0,1885.0,168.0,20.0,30.0,79.0,9426.0,634.0,4925.0,19.0,52.0,10730.0,21776.0,14.0,61.0
218663,University of South Carolina-Columbia,Columbia,SC,64.0,24.0,19.0,71.0,86.0,8310.0,26840.0,503.0,67.0,78.0,52.0,18447.0,6851.0,24831.0,34.0,36.0,12688.0,33928.0,19.0,90.0
218724,Coastal Carolina University,Conway,SC,79.0,20.0,24.0,58.0,74.0,543.0,9495.0,299.0,37.0,51.0,31.0,10917.0,246.0,4695.0,48.0,28.0,11640.0,28490.0,16.0,71.0
218742,University of South Carolina-Upstate,Spartanburg,SC,79.0,28.0,57.0,40.0,64.0,432.0,4046.0,435.0,31.0,47.0,92.0,9103.0,716.0,3107.0,23.0,54.0,11583.0,22545.0,15.0,64.0
218964,Winthrop University,Rock Hill,SC,70.0,20.0,45.0,83.0,84.0,971.0,3376.0,365.0,46.0,58.0,88.0,11025.0,724.0,20809.0,28.0,48.0,15866.0,30196.0,12.0,67.0
219046,Black Hills State University,Spearfish,SD,97.0,32.0,32.0,58.0,77.0,164.0,1933.0,1328.0,26.0,42.0,57.0,7216.0,1220.0,11988.0,28.0,24.0,9000.0,12100.0,18.0,71.0
219082,Dakota State University,Madison,SD,79.0,53.0,25.0,79.0,85.0,484.0,1894.0,863.0,28.0,45.0,58.0,10219.0,3536.0,9209.0,24.0,18.0,9633.0,12735.0,18.0,74.0
219259,Northern State University,Aberdeen,SD,93.0,29.0,28.0,83.0,76.0,493.0,1258.0,1593.0,37.0,56.0,69.0,15505.0,154.0,28833.0,20.0,30.0,8845.0,11947.0,16.0,74.0
219347,South Dakota School of Mines and Technology,Rapid City,SD,83.0,43.0,16.0,77.0,80.0,329.0,2047.0,116.0,24.0,52.0,37.0,13324.0,7926.0,43311.0,18.0,24.0,10440.0,14860.0,12.0,83.0
219356,South Dakota State University,Brookings,SD,86.0,40.0,19.0,91.0,86.0,1410.0,8627.0,1290.0,42.0,59.0,50.0,10498.0,8839.0,24925.0,22.0,17.0,9299.0,12809.0,18.0,79.0
219471,University of South Dakota,Vermillion,SD,99.0,30.0,28.0,70.0,85.0,2724.0,5265.0,1867.0,43.0,60.0,54.0,16089.0,3315.0,62074.0,25.0,21.0,9432.0,12942.0,14.0,82.0
219602,Austin Peay State University,Clarksville,TN,94.0,25.0,52.0,54.0,43.0,1206.0,7054.0,1066.0,23.0,40.0,88.0,11327.0,597.0,6073.0,22.0,43.0,8431.0,13975.0,14.0,66.0
220075,East Tennessee State University,Johnson City,TN,85.0,25.0,41.0,50.0,66.0,2929.0,9772.0,782.0,35.0,51.0,75.0,17985.0,2354.0,8984.0,21.0,33.0,9674.0,13484.0,16.0,72.0
220701,The University of Tennessee Southern,Pulaski,TN,80.0,43.0,35.0,89.0,56.0,38.0,787.0,109.0,24.0,32.0,82.0,7839.0,0.0,331.0,17.0,67.0,10200.0,10200.0,12.0,66.0
220862,University of Memphis,Memphis,TN,95.0,16.0,57.0,66.0,53.0,5209.0,14181.0,2527.0,32.0,54.0,81.0,10216.0,7598.0,18001.0,22.0,36.0,10056.0,14280.0,17.0,75.0
220978,Middle Tennessee State University,Murfreesboro,TN,73.0,30.0,39.0,50.0,53.0,2648.0,16239.0,1199.0,35.0,54.0,88.0,12373.0,751.0,7812.0,28.0,35.0,9232.0,28264.0,16.0,76.0
221740,The University of Tennessee-Chattanooga,Chattanooga,TN,83.0,33.0,34.0,61.0,82.0,1399.0,9820.0,64.0,35.0,54.0,88.0,10182.0,1336.0,19870.0,26.0,48.0,9848.0,25966.0,16.0,73.0
221759,The University of Tennessee-Knoxville,Knoxville,TN,68.0,28.0,17.0,78.0,81.0,6766.0,26905.0,134.0,54.0,72.0,54.0,15569.0,11582.0,37201.0,25.0,30.0,13244.0,31664.0,18.0,89.0
221768,The University of Tennessee-Martin,Martin,TN,88.0,23.0,50.0,78.0,66.0,703.0,4629.0,1536.0,34.0,52.0,90.0,12198.0,28.0,11208.0,20.0,56.0,9912.0,15952.0,15.0,71.0
221847,Tennessee Technological University,Cookeville,TN,78.0,36.0,36.0,70.0,77.0,1365.0,8341.0,196.0,37.0,60.0,94.0,10968.0,2151.0,10233.0,19.0,48.0,9802.0,19834.0,16.0,78.0
222831,Angelo State University,San Angelo,TX,79.0,37.0,49.0,59.0,69.0,1533.0,5314.0,3752.0,31.0,45.0,96.0,10951.0,194.0,43005.0,25.0,43.0,8186.0,17978.0,18.0,73.0
224147,Texas A & M University-Corpus Christi,Corpus Christi,TX,88.0,26.0,45.0,63.0,68.0,2954.0,7818.0,6.0,18.0,36.0,96.0,11740.0,5209.0,17030.0,30.0,28.0,9748.0,20745.0,18.0,63.0
224545,Texas A&M University-Texarkana,Texarkana,TX,91.0,16.0,44.0,68.0,57.0,349.0,1758.0,3.0,19.0,24.0,76.0,14648.0,9.0,6579.0,17.0,33.0,7930.0,20659.0,14.0,63.0
224554,Texas A & M University-Commerce,Commerce,TX,86.0,17.0,60.0,78.0,77.0,3923.0,7317.0,66.0,26.0,42.0,96.0,10071.0,935.0,4674.0,32.0,30.0,10026.0,22266.0,20.0,65.0
225414,University of Houston-Clear Lake,Houston,TX,69.0,26.0,48.0,45.0,23.0,2210.0,6343.0,9.0,29.0,53.0,100.0,8887.0,436.0,5342.0,37.0,22.0,7698.0,20994.0,15.0,67.0
225432,University of Houston-Downtown,Houston,TX,88.0,25.0,69.0,19.0,64.0,1352.0,12752.0,104.0,10.0,30.0,99.0,5537.0,170.0,4349.0,39.0,26.0,7708.0,17524.0,18.0,65.0
225502,University of Houston-Victoria,Victoria,TX,82.0,13.0,43.0,63.0,52.0,1212.0,2699.0,146.0,8.0,22.0,84.0,11124.0,387.0,7537.0,33.0,26.0,7149.0,16941.0,16.0,60.0
225511,University of Houston,Houston,TX,66.0,28.0,45.0,56.0,51.0,8757.0,37080.0,863.0,38.0,62.0,93.0,9574.0,5504.0,29839.0,30.0,26.0,9699.0,21891.0,21.0,85.0
226091,Lamar University,Beaumont,TX,84.0,28.0,57.0,79.0,54.0,8539.0,8075.0,189.0,17.0,39.0,97.0,8848.0,1116.0,18264.0,38.0,20.0,8690.0,18482.0,20.0,59.0
226152,Texas A & M International University,Laredo,TX,48.0,35.0,73.0,60.0,9.0,1526.0,6459.0,520.0,26.0,49.0,99.0,7077.0,854.0,14548.0,13.0,55.0,7846.0,19382.0,19.0,79.0
226833,Midwestern State University,Wichita Falls,TX,92.0,15.0,55.0,69.0,64.0,966.0,4421.0,397.0,24.0,47.0,94.0,11367.0,252.0,21135.0,30.0,34.0,10233.0,12183.0,16.0,63.0
227216,University of North Texas,Denton,TX,79.0,26.0,44.0,69.0,81.0,11744.0,33023.0,0.0,40.0,60.0,90.0,7478.0,3267.0,7474.0,40.0,23.0,11140.0,20932.0,23.0,80.0
227368,The University of Texas Rio Grande Valley,Edinburg,TX,88.0,48.0,72.0,52.0,9.0,5125.0,26420.0,14.0,25.0,51.0,99.0,9538.0,2626.0,4871.0,14.0,60.0,9538.0,19333.0,19.0,76.0
227881,Sam Houston State University,Huntsville,TX,85.0,25.0,44.0,7.0,85.0,3245.0,18184.0,51.0,36.0,57.0,98.0,8007.0,776.0,8203.0,37.0,28.0,8960.0,18752.0,20.0,74.0
228431,Stephen F Austin State University,Nacogdoches,TX,90.0,21.0,41.0,70.0,79.0,1422.0,8961.0,944.0,35.0,53.0,98.0,9526.0,449.0,11935.0,32.0,25.0,10600.0,21616.0,17.0,73.0
228459,Texas State University,San Marcos,TX,88.0,30.0,42.0,41.0,86.0,4337.0,33834.0,0.0,33.0,57.0,97.0,6689.0,4011.0,9875.0,34.0,33.0,11135.0,22559.0,21.0,80.0
228501,Sul Ross State University,Alpine,TX,97.0,36.0,57.0,48.0,89.0,437.0,1495.0,55.0,16.0,29.0,96.0,10181.0,3739.0,15944.0,15.0,31.0,7649.0,17441.0,12.0,49.0
228529,Tarleton State University,Stephenville,TX,87.0,49.0,35.0,80.0,90.0,2212.0,11880.0,0.0,30.0,49.0,97.0,5832.0,2221.0,7053.0,31.0,28.0,7848.0,17640.0,17.0,70.0
228644,The University of Texas Health Science Center at San Antonio,San Antonio,TX,80.0,25.0,70.0,37.0,15.0,2733.0,785.0,0.0,16.0,30.0,96.0,752052.0,277197.0,985308.0,4.0,6.0,7930.0,26312.0,5.0,49.0
228653,The University of Texas Medical Branch at Galveston,Galveston,TX,80.0,25.0,70.0,37.0,15.0,2776.0,585.0,0.0,11.0,30.0,97.0,947140.0,275473.0,1331971.0,2.0,10.0,7930.0,26312.0,10.0,49.0
228705,Texas A & M University-Kingsville,Kingsville,TX,97.0,20.0,67.0,86.0,64.0,1245.0,4562.0,285.0,24.0,43.0,99.0,12399.0,5482.0,27421.0,20.0,35.0,9892.0,25746.0,16.0,64.0
228723,Texas A & M University-College Station,College Station,TX,63.0,46.0,20.0,59.0,50.0,16502.0,56792.0,720.0,59.0,83.0,93.0,21657.0,18415.0,303203.0,20.0,22.0,13239.0,40139.0,18.0,95.0
228769,The University of Texas at Arlington,Arlington,TX,81.0,27.0,54.0,68.0,48.0,13155.0,30503.0,288.0,28.0,51.0,96.0,8618.0,4271.0,6659.0,42.0,27.0,11727.0,29299.0,24.0,74.0
228778,The University of Texas at Austin,Austin,TX,31.0,48.0,27.0,40.0,84.0,11075.0,40980.0,329.0,70.0,88.0,88.0,24239.0,24172.0,137265.0,12.0,27.0,11698.0,41070.0,18.0,95.0
228787,The University of Texas at Dallas,Richardson,TX,85.0,23.0,25.0,59.0,55.0,9953.0,21586.0,31.0,52.0,72.0,92.0,13733.0,6583.0,34400.0,38.0,26.0,14564.0,39776.0,27.0,87.0
228796,The University of Texas at El Paso,El Paso,TX,100.0,36.0,70.0,44.0,17.0,3715.0,20123.0,42.0,18.0,45.0,92.0,7261.0,6777.0,17558.0,20.0,34.0,9744.0,25152.0,19.0,75.0
228802,The University of Texas at Tyler,Tyler,TX,94.0,34.0,44.0,75.0,61.0,2351.0,6568.0,403.0,27.0,42.0,97.0,30294.0,5049.0,28732.0,8.0,34.0,9855.0,25693.0,15.0,61.0
228909,University of North Texas Health Science Center,Fort Worth,TX,80.0,25.0,70.0,37.0,15.0,2332.0,5.0,0.0,16.0,30.0,96.0,20157310.0,15211035.0,21810411.0,9.0,9.0,7930.0,26312.0,1.0,49.0
229018,The University of Texas Permian Basin,Odessa,TX,95.0,48.0,49.0,83.0,41.0,1208.0,4060.0,580.0,25.0,42.0,89.0,11281.0,1165.0,15756.0,25.0,30.0,9234.0,21474.0,18.0,66.0
229027,The University of Texas at San Antonio,San Antonio,TX,87.0,28.0,49.0,60.0,53.0,4707.0,29112.0,574.0,29.0,51.0,97.0,6247.0,5776.0,9074.0,29.0,34.0,8945.0,21253.0,24.0,80.0
229115,Texas Tech University,Lubbock,TX,67.0,29.0,26.0,66.0,83.0,7799.0,32346.0,233.0,38.0,63.0,90.0,9504.0,7459.0,29469.0,30.0,25.0,11852.0,24122.0,21.0,86.0
229179,Texas Woman's University,Denton,TX,94.0,20.0,56.0,61.0,76.0,5805.0,8876.0,1277.0,23.0,48.0,97.0,11792.0,862.0,11305.0,30.0,31.0,8311.0,18103.0,16.0,73.0
229300,The University of Texas Health Science Center at Houston,Houston,TX,80.0,25.0,69.0,37.0,15.0,4800.0,554.0,0.0,16.0,30.0,83.0,1996814.0,523939.0,1623235.0,3.0,3.0,7930.0,26312.0,5.0,49.0
229337,Texas Tech University Health Sciences Center,Lubbock,TX,80.0,25.0,70.0,33.0,15.0,3688.0,1448.0,0.0,16.0,30.0,95.0,187730.0,33697.0,180082.0,8.0,10.0,7930.0,23500.0,7.0,49.0
229814,West Texas A & M University,Canyon,TX,92.0,30.0,43.0,62.0,79.0,2341.0,6828.0,73.0,29.0,46.0,87.0,7135.0,1303.0,16292.0,30.0,30.0,9101.0,10996.0,17.0,68.0
230171,Utah Tech University,Saint George,UT,82.0,24.0,28.0,81.0,32.0,75.0,8606.0,3875.0,15.0,25.0,70.0,4168.0,17.0,2034.0,27.0,39.0,6096.0,17666.0,22.0,63.0
230603,Southern Utah University,Cedar City,UT,84.0,14.0,25.0,85.0,42.0,1681.0,9089.0,3560.0,29.0,47.0,72.0,9109.0,34.0,3688.0,36.0,33.0,6770.0,20586.0,22.0,71.0
230728,Utah State University,Logan,UT,94.0,31.0,20.0,78.0,48.0,3108.0,20573.0,4262.0,29.0,55.0,72.0,14001.0,14063.0,25877.0,15.0,34.0,9228.0,24802.0,19.0,74.0
230737,Utah Valley University,Orem,UT,100.0,28.0,26.0,41.0,56.0,803.0,26961.0,15335.0,15.0,33.0,75.0,6825.0,34.0,3121.0,33.0,25.0,6270.0,17830.0,25.0,68.0
230764,University of Utah,Salt Lake City,UT,89.0,29.0,18.0,67.0,45.0,8379.0,25392.0,963.0,36.0,67.0,57.0,22376.0,19311.0,53585.0,6.0,20.0,9315.0,29837.0,18.0,85.0
230782,Weber State University,Ogden,UT,81.0,27.0,27.0,72.0,16.0,1011.0,15540.0,13363.0,15.0,40.0,86.0,7953.0,80.0,12438.0,22.0,31.0,6391.0,17084.0,21.0,68.0
230834,Castleton University,Castleton,VT,81.0,17.0,35.0,40.0,78.0,635.0,1585.0,143.0,24.0,42.0,43.0,14299.0,499.0,4763.0,27.0,38.0,13078.0,30046.0,16.0,66.0
230913,Northern Vermont University,Johnson,VT,73.0,12.0,16.0,75.0,67.0,297.0,1266.0,216.0,41.0,42.0,53.0,12962.0,499.0,12918.0,27.0,20.0,12804.0,26892.0,13.0,68.0
231165,Vermont Technical College,Randolph,VT,50.0,27.0,40.0,94.0,74.0,2.0,1112.0,300.0,33.0,44.0,80.0,51054.0,688.0,20618.0,42.0,26.0,16086.0,29502.0,10.0,67.0
231174,University of Vermont,Burlington,VT,60.0,17.0,13.0,99.0,91.0,2190.0,11326.0,572.0,70.0,77.0,16.0,15745.0,11759.0,67192.0,38.0,28.0,18890.0,43890.0,17.0,89.0
231624,William & Mary,Williamsburg,VA,33.0,27.0,9.0,38.0,100.0,2857.0,6778.0,19.0,86.0,91.0,58.0,22537.0,11439.0,192051.0,30.0,18.0,23970.0,47196.0,12.0,95.0
231712,Christopher Newport University,Newport News,VA,85.0,18.0,17.0,54.0,83.0,110.0,4442.0,7.0,66.0,75.0,91.0,11933.0,850.0,10630.0,21.0,15.0,15425.0,29063.0,13.0,86.0
232186,George Mason University,Fairfax,VA,90.0,23.0,28.0,59.0,48.0,12035.0,26447.0,567.0,49.0,70.0,77.0,18805.0,6414.0,5383.0,29.0,35.0,13401.0,38983.0,16.0,85.0
232423,James Madison University,Harrisonburg,VA,78.0,20.0,14.0,80.0,77.0,1878.0,19968.0,378.0,65.0,82.0,73.0,11176.0,197.0,6180.0,28.0,12.0,13092.0,30152.0,17.0,89.0
232566,Longwood University,Farmville,VA,88.0,15.0,27.0,96.0,98.0,1204.0,3009.0,145.0,52.0,65.0,92.0,15317.0,206.0,34889.0,15.0,26.0,14840.0,27780.0,13.0,76.0
232681,University of Mary Washington,Fredericksburg,VA,86.0,19.0,21.0,98.0,83.0,264.0,3443.0,50.0,59.0,68.0,87.0,11313.0,159.0,17551.0,13.0,53.0,14234.0,31154.0,12.0,83.0
232982,Old Dominion University,Norfolk,VA,95.0,22.0,45.0,75.0,72.0,4732.0,18152.0,223.0,25.0,49.0,90.0,12462.0,1415.0,17182.0,20.0,27.0,11220.0,31170.0,16.0,74.0
233277,Radford University,Radford,VA,93.0,11.0,37.0,98.0,94.0,1710.0,5945.0,63.0,39.0,54.0,89.0,18425.0,114.0,10917.0,13.0,44.0,11916.0,24453.0,12.0,68.0
233921,Virginia Polytechnic Institute and State University,Blacksburg,VA,57.0,28.0,15.0,55.0,98.0,7736.0,30339.0,95.0,68.0,87.0,64.0,19273.0,15648.0,55216.0,29.0,20.0,14586.0,34838.0,17.0,91.0
234030,Virginia Commonwealth University,Richmond,VA,91.0,25.0,33.0,99.0,87.0,7124.0,20552.0,406.0,48.0,68.0,92.0,20658.0,15337.0,117192.0,23.0,31.0,15828.0,37786.0,16.0,85.0
234076,University of Virginia-Main Campus,Charlottesville,VA,19.0,42.0,11.0,26.0,100.0,8638.0,17103.0,341.0,89.0,94.0,62.0,37043.0,33211.0,567343.0,13.0,21.0,20342.0,55914.0,15.0,97.0
234827,Central Washington University,Ellensburg,WA,93.0,24.0,37.0,88.0,80.0,513.0,8604.0,1111.0,32.0,54.0,95.0,12226.0,642.0,5526.0,20.0,43.0,8845.0,25910.0,18.0,68.0
235097,Eastern Washington University,Cheney,WA,96.0,31.0,43.0,73.0,58.0,3306.0,6938.0,666.0,26.0,50.0,94.0,15407.0,110.0,5534.0,29.0,24.0,8139.0,26529.0,19.0,67.0
235167,The Evergreen State College,Olympia,WA,97.0,22.0,35.0,75.0,58.0,254.0,1799.0,52.0,31.0,42.0,69.0,14511.0,61.0,11931.0,16.0,39.0,8750.0,30059.0,17.0,65.0
236939,Washington State University,Pullman,WA,83.0,25.0,27.0,83.0,81.0,4927.0,22265.0,347.0,37.0,60.0,83.0,13248.0,12696.0,53740.0,19.0,34.0,12701.0,28385.0,15.0,81.0
236948,University of Washington-Seattle Campus,Seattle,WA,48.0,30.0,17.0,40.0,72.0,16106.0,30931.0,5282.0,71.0,84.0,60.0,59805.0,36925.0,151659.0,13.0,14.0,12242.0,40740.0,21.0,94.0
237011,Western Washington University,Bellingham,WA,93.0,29.0,21.0,89.0,85.0,946.0,13685.0,115.0,43.0,68.0,83.0,12434.0,930.0,6975.0,31.0,24.0,8967.0,26873.0,17.0,77.0
237330,Concord University,Athens,WV,91.0,23.0,49.0,79.0,59.0,349.0,1311.0,88.0,29.0,42.0,60.0,8203.0,597.0,29141.0,13.0,64.0,9100.0,19340.0,15.0,56.0
237367,Fairmont State University,Fairmont,WV,98.0,37.0,41.0,77.0,50.0,301.0,2776.0,421.0,28.0,45.0,88.0,8434.0,54.0,10246.0,17.0,57.0,8008.0,17836.0,13.0,63.0
237385,Glenville State University,Glenville,WV,88.0,31.0,44.0,68.0,80.0,22.0,1257.0,351.0,30.0,45.0,81.0,6176.0,0.0,11711.0,20.0,39.0,9064.0,10724.0,16.0,65.0
237525,Marshall University,Huntington,WV,97.0,25.0,44.0,88.0,57.0,2739.0,6965.0,987.0,34.0,53.0,79.0,16629.0,3324.0,28814.0,21.0,37.0,8604.0,19658.0,16.0,74.0
237792,Shepherd University,Shepherdstown,WV,96.0,34.0,34.0,86.0,40.0,517.0,2325.0,393.0,33.0,44.0,64.0,9315.0,155.0,11741.0,26.0,48.0,8282.0,18722.0,15.0,70.0
237932,West Liberty University,West Liberty,WV,74.0,34.0,41.0,33.0,81.0,396.0,1648.0,271.0,41.0,42.0,61.0,7655.0,540.0,10985.0,33.0,32.0,8716.0,17100.0,12.0,71.0
238032,West Virginia University,Morgantown,WV,88.0,28.0,23.0,90.0,77.0,5682.0,18201.0,858.0,44.0,63.0,42.0,19726.0,9447.0,46540.0,32.0,20.0,9360.0,26568.0,17.0,79.0
238263,Madison Area Technical College,Madison,WI,80.0,92.0,31.0,9.0,26.0,46.0,8572.0,4364.0,33.0,48.0,95.0,17474.0,0.0,5906.0,12.0,16.0,4607.0,6812.0,12.0,71.0
240189,University of Wisconsin-Whitewater,Whitewater,WI,82.0,27.0,26.0,38.0,76.0,1712.0,8893.0,474.0,39.0,63.0,84.0,8540.0,91.0,3852.0,38.0,18.0,7864.0,17039.0,19.0,74.0
240268,University of Wisconsin-Eau Claire,Eau Claire,WI,77.0,27.0,18.0,44.0,83.0,681.0,9138.0,285.0,45.0,68.0,64.0,8817.0,194.0,7095.0,29.0,19.0,8914.0,17627.0,19.0,80.0
240277,University of Wisconsin-Green Bay,Green Bay,WI,90.0,22.0,36.0,33.0,58.0,453.0,6305.0,2841.0,38.0,55.0,91.0,6760.0,465.0,8643.0,29.0,22.0,7873.0,16091.0,23.0,69.0
240329,University of Wisconsin-La Crosse,La Crosse,WI,74.0,43.0,13.0,23.0,87.0,927.0,9137.0,210.0,46.0,73.0,81.0,8197.0,295.0,4564.0,44.0,9.0,9232.0,18051.0,19.0,84.0
240365,University of Wisconsin-Oshkosh,Oshkosh,WI,89.0,23.0,28.0,27.0,73.0,1078.0,7812.0,4815.0,27.0,55.0,89.0,11782.0,474.0,4195.0,27.0,19.0,7795.0,15368.0,20.0,68.0
240374,University of Wisconsin-Parkside,Kenosha,WI,73.0,21.0,39.0,35.0,43.0,711.0,2969.0,267.0,18.0,42.0,86.0,8724.0,458.0,5488.0,28.0,22.0,7466.0,15736.0,17.0,71.0
240417,University of Wisconsin-Stout,Menomonie,WI,86.0,23.0,22.0,29.0,91.0,980.0,6176.0,78.0,29.0,56.0,61.0,8376.0,88.0,11687.0,29.0,14.0,9663.0,17930.0,18.0,72.0
240426,University of Wisconsin-Superior,Superior,WI,96.0,14.0,25.0,48.0,61.0,497.0,2021.0,192.0,26.0,43.0,45.0,10630.0,2806.0,10695.0,26.0,22.0,8167.0,15740.0,17.0,66.0
240444,University of Wisconsin-Madison,Madison,WI,49.0,29.0,17.0,32.0,84.0,12650.0,35184.0,1122.0,69.0,89.0,43.0,25462.0,38605.0,141987.0,21.0,17.0,10796.0,39427.0,18.0,94.0
240453,University of Wisconsin-Milwaukee,Milwaukee,WI,86.0,23.0,35.0,62.0,64.0,4328.0,17076.0,1272.0,23.0,47.0,87.0,11651.0,3446.0,13044.0,30.0,15.0,9620.0,21485.0,17.0,72.0
240462,University of Wisconsin-Platteville,Platteville,WI,85.0,31.0,21.0,88.0,76.0,458.0,5920.0,108.0,28.0,59.0,76.0,7005.0,440.0,8773.0,28.0,23.0,7862.0,16800.0,20.0,78.0
240471,University of Wisconsin-River Falls,River Falls,WI,84.0,29.0,25.0,66.0,80.0,412.0,4327.0,449.0,38.0,57.0,47.0,9216.0,601.0,6755.0,23.0,16.0,8135.0,16128.0,18.0,73.0
240480,University of Wisconsin-Stevens Point,Stevens Point,WI,89.0,24.0,28.0,83.0,78.0,651.0,6995.0,318.0,34.0,55.0,90.0,7597.0,582.0,9457.0,21.0,29.0,8376.0,17080.0,21.0,75.0
240727,University of Wyoming,Laramie,WY,96.0,29.0,22.0,83.0,76.0,2582.0,8363.0,155.0,37.0,60.0,56.0,19050.0,14415.0,85533.0,11.0,35.0,6621.0,21771.0,13.0,75.0
243780,Purdue University-Main Campus,West Lafayette,IN,53.0,26.0,13.0,35.0,87.0,12935.0,38438.0,155.0,60.0,83.0,46.0,26665.0,10769.0,92286.0,35.0,9.0,9992.0,28794.0,14.0,90.0
262086,University of Massachusetts Global,Irvine,CA,63.0,42.0,43.0,1.0,68.0,3867.0,4545.0,277.0,0.0,0.0,12.0,6593.0,0.0,4763.0,93.0,8.0,12520.0,12520.0,18.0,40.0
262129,New College of Florida,Sarasota,FL,75.0,14.0,30.0,99.0,91.0,20.0,669.0,0.0,58.0,66.0,83.0,26590.0,2356.0,67982.0,0.0,100.0,6916.0,29944.0,7.0,75.0
366252,Pennsylvania College of Technology,Williamsport,PA,84.0,25.0,33.0,39.0,72.0,7.0,4193.0,41.0,44.0,55.0,88.0,12962.0,499.0,5906.0,34.0,19.0,17940.0,25680.0,14.0,77.0
366711,California State University-San Marcos,San Marcos,CA,95.0,18.0,47.0,48.0,42.0,1195.0,13844.0,70.0,19.0,59.0,98.0,8068.0,151.0,2253.0,17.0,47.0,7733.0,19613.0,23.0,72.0
377555,University of Washington-Bothell Campus,Bothell,WA,88.0,25.0,30.0,33.0,6.0,543.0,5166.0,26.0,46.0,66.0,96.0,14299.0,9572.0,16022.0,34.0,19.0,12224.0,40722.0,21.0,85.0
377564,University of Washington-Tacoma Campus,Tacoma,WA,88.0,36.0,42.0,68.0,23.0,711.0,4054.0,29.0,45.0,58.0,96.0,14299.0,1722.0,11556.0,34.0,19.0,12458.0,40956.0,15.0,75.0
409698,California State University-Monterey Bay,Seaside,CA,92.0,8.0,42.0,48.0,80.0,797.0,6129.0,119.0,33.0,60.0,96.0,11550.0,318.0,5255.0,16.0,38.0,7323.0,19203.0,20.0,79.0
416801,The University of Texas MD Anderson Cancer Center,Houston,TX,84.0,25.0,43.0,13.0,82.0,27.0,337.0,0.0,41.0,49.0,95.0,19815.0,710.0,15590.0,17.0,1.0,9977.0,26586.0,9.0,73.0
433660,Florida Gulf Coast University,Fort Myers,FL,74.0,24.0,26.0,49.0,67.0,1839.0,13788.0,342.0,36.0,56.0,75.0,7464.0,681.0,6674.0,23.0,38.0,6118.0,25162.0,20.0,81.0
435000,Louisiana State University Health Sciences Center-Shreveport,Shreveport,LA,80.0,25.0,70.0,37.0,15.0,992.0,23.0,0.0,11.0,30.0,97.0,8058840.0,2694665.0,8784757.0,5.0,10.0,7930.0,26312.0,3.0,49.0
440828,Oregon State University-Cascades Campus,Bend,OR,79.0,11.0,26.0,88.0,76.0,231.0,1040.0,2.0,50.0,50.0,77.0,12962.0,1722.0,11556.0,16.0,36.0,11628.0,32763.0,11.0,79.0
441900,Nevada State College,Henderson,NV,82.0,34.0,49.0,71.0,14.0,54.0,4581.0,2534.0,9.0,29.0,100.0,6102.0,337.0,291.0,13.0,69.0,6225.0,19964.0,18.0,78.0
441937,California State University-Channel Islands,Camarillo,CA,90.0,7.0,56.0,63.0,63.0,394.0,5717.0,17.0,23.0,58.0,99.0,11204.0,743.0,2850.0,10.0,54.0,6817.0,18697.0,17.0,75.0
442569,University of Arkansas Grantham,LIttle Rock,AR,98.0,73.0,95.0,9.0,48.0,838.0,4598.0,0.0,19.0,22.0,8.0,1595.0,0.0,4763.0,49.0,55.0,8280.0,8280.0,33.0,36.0
445188,University of California-Merced,Merced,CA,89.0,9.0,55.0,71.0,80.0,760.0,8343.0,0.0,48.0,72.0,99.0,12836.0,8779.0,3161.0,15.0,37.0,13791.0,43863.0,19.0,82.0
459949,Texas A&M University-San Antonio,San Antonio,TX,96.0,12.0,62.0,51.0,36.0,693.0,6404.0,212.0,23.0,58.0,98.0,7261.0,696.0,658.0,18.0,38.0,9548.0,22764.0,18.0,72.0
476975,Colorado State University Global,Aurora,CO,97.0,73.0,50.0,6.0,56.0,3132.0,5977.0,456.0,14.0,18.0,31.0,3394.0,0.0,4763.0,74.0,2.0,8400.0,8400.0,15.0,33.0
479956,Pennsylvania State University-World Campus,University Park,PA,82.0,43.0,39.0,59.0,52.0,5769.0,7798.0,412.0,24.0,31.0,44.0,9847.0,1557.0,11768.0,27.0,38.0,15054.0,15054.0,16.0,75.0
482149,Augusta University,Augusta,GA,86.0,24.0,43.0,16.0,55.0,3762.0,5098.0,280.0,29.0,50.0,94.0,30430.0,21855.0,64502.0,10.0,16.0,8122.0,23500.0,17.0,73.0
482158,Middle Georgia State University,Macon,GA,100.0,37.0,53.0,7.0,50.0,429.0,6589.0,670.0,10.0,26.0,86.0,6917.0,21.0,2145.0,19.0,26.0,3958.0,12430.0,18.0,61.0
482680,University of North Georgia,Dahlonega,GA,70.0,47.0,29.0,19.0,43.0,789.0,15815.0,1425.0,27.0,46.0,96.0,5499.0,106.0,4375.0,21.0,26.0,4995.0,15391.0,18.0,72.0
482936,Florida Polytechnic University,Lakeland,FL,56.0,29.0,32.0,100.0,70.0,62.0,1517.0,14.0,39.0,56.0,91.0,7455.0,2152.0,2329.0,5.0,60.0,4940.0,21005.0,18.0,79.0
483036,Texas A&M University-Central Texas,Killeen,TX,96.0,51.0,85.0,77.0,66.0,486.0,1706.0,6.0,28.0,42.0,100.0,8945.0,1207.0,1954.0,26.0,26.0,6627.0,16419.0,15.0,70.0
483124,Arizona State University Digital Immersion,Scottsdale,AZ,64.0,55.0,95.0,16.0,15.0,15872.0,46412.0,267.0,13.0,26.0,10.0,36238.0,12098.0,47012.0,81.0,20.0,8364.0,29604.0,25.0,17.0
484905,University of North Texas at Dallas,Dallas,TX,94.0,15.0,70.0,41.0,15.0,684.0,2923.0,78.0,24.0,37.0,98.0,9028.0,585.0,323.0,28.0,18.0,9518.0,21758.0,16.0,68.0
486840,Kennesaw State University,Kennesaw,GA,68.0,49.0,37.0,8.0,63.0,4263.0,38051.0,876.0,17.0,49.0,96.0,6073.0,472.0,2471.0,28.0,26.0,5786.0,17040.0,22.0,75.0
487010,The University of Tennessee Health Science Center,Memphis,TN,80.0,25.0,70.0,37.0,15.0,2844.0,295.0,0.0,16.0,30.0,96.0,1049014.0,348723.0,823542.0,12.0,8.0,7930.0,26312.0,7.0,49.0
488800,Teachers College of San Joaquin,Stockton,CA,100.0,37.0,25.0,14.0,61.0,232.0,876.0,0.0,26.0,39.0,69.0,4257.0,0.0,5906.0,73.0,0.0,5958.0,16218.0,17.0,79.0
489779,Purdue University Global,West Lafayette,IN,98.0,15.0,70.0,20.0,15.0,11615.0,33339.0,171.0,27.0,30.0,12.0,2211.0,0.0,4763.0,81.0,20.0,10134.0,14445.0,26.0,17.0
490805,Purdue University Northwest,Hammond,IN,73.0,31.0,41.0,68.0,16.0,735.0,6083.0,2093.0,21.0,40.0,87.0,10104.0,874.0,8417.0,34.0,20.0,8174.0,15165.0,15.0,64.0
492689,Texas Tech University Health Sciences Center-El Paso,El Paso,TX,80.0,23.0,25.0,37.0,88.0,597.0,257.0,1.0,19.0,30.0,56.0,537690.0,66607.0,625546.0,4.0,11.0,7930.0,26312.0,13.0,49.0
498562,Commonwealth University of Pennsylvania,Bloomsburg,PA,94.0,24.0,35.0,70.0,81.0,1058.0,9778.0,1238.0,42.0,58.0,87.0,10724.0,39.0,8053.0,29.0,31.0,10848.0,18919.0,19.0,74.0
498571,Pennsylvania Western University,California,PA,94.0,26.0,42.0,83.0,72.0,3374.0,9203.0,201.0,37.0,52.0,87.0,11877.0,42.0,11415.0,28.0,33.0,10958.0,15630.0,18.0,70.0
